name ,postcode
Abbey Court 1-4 & 6-12,CR8 2EE
Academy Gardens 125-147,CR0 6QN
Academy Gardens 1-61,CR0 6QH
Academy Gardens 34-48,CR0 6QG
Academy Gardens 62-84,CR0 6QJ
Academy Gardens 63-123,CR0 6QL
Adair Close,SE25 4HF
Addington Road,CR2 8LD
Addington Village Road,CR0 5AQ
Addiscombe Road 139,CR0 6SJ
Addiscombe Road 243,CR0 6SQ
Addison Road 15-57,SE25 4LW
Addison Road 77-87,SE25 4LP
Admirals Walk,CR0 1BR
Albert Road 116-120,SE25 4JR
Albert Road 91-95A,SE25 4JE
Albion Street,CR0 3SA
Albury Court 1-16,CR0 1AP
Albury Court 17-32,CR0 1AP
Alexander Road,CR5 3JD
Alford Green 1-27,CR0 0SD
Alford Green 14-28,CR0 0SE
Alford Green 29-43,CR0 0SD
Alford Green 30-44,CR0 0SE
Alford Green 46-60,CR0 0SE
Alford Green 62-76,CR0 0SE
Alfred Road,SE25 5LF
Alfriston Avenue,CR0 3DD
Allen Road 16-16A,CR0 3NT
Allen Road 22-22A,CR0 3NT
Allington Court 1-41,CR0 7YF
Alpha House 1-8,CR0 6QF
Alwyn Close 15-37,CR0 0QP
Amy Court 1-10,CR0 4GH
Anerley Road,SE20 8TJ
Ansley Close,CR2 9BQ
Applegarth 1-13,CR0 9DH
Aragon Close,CR0 0AT
Arnhem Drive 20-38,CR0 0EA
Arnhem Drive 2-18,CR0 0EB
Arnhem Drive 69-75,CR0 0EE
Arnhem Drive 77-83,CR0 0EB
Arnhem Drive 85-91,CR0 0EE
Arthur Court,CR0 5PB
Arun Court,SE25 5DD
Arundel Road,CR0 2ER
Ashburton Memorial Homes,CR0 7BD
Ashburton Road 20-20A,CR0 6AP
Ashby Walk,CR0 2QX
Ashleigh Lodge,SE25 4DH
Ashmill Court,CR0 2QU
Ashwood Gardens 1-8,CR0 0SH
Ashwood Gardens 19-26,CR0 0SH
Ashwood Gardens 27-34,CR0 0SH
Ashwood Gardens 35-42,CR0 0SH
Ashwood Gardens 9-16,CR0 0SH
Aspen Court,CR2 0NH
Atlanta Court 1-32,CR7 8SH
Attlee Close,CR7 7FA
Attwood Close,CR2 9EN
Auckland Rise 105-123,SE19 2DY
Auckland Rise 14-24,SE19 2EA
Auckland Rise 2-12,SE19 2EA
Auckland Rise 21-31,SE19 2EA
Auckland Rise 26-36,SE19 2EA
Auckland Rise 33-43,SE19 2DX
Auckland Rise 38-48,SE19 2EA
Auckland Rise 45-55,SE19 2EA
Auckland Rise 50-60,SE19 2DZ
Auckland Rise 57-75,SE19 2EA
Auckland Rise 62-72,SE19 2DZ
Auckland Rise 78-96,SE19 2DZ
Auckland Rise 85-103,SE19 2DY
Auckland Rise 9-19,SE19 2EA
Auckland Road 1-8,SE19 2RH
Aurelia Gardens 17-19,CR0 3BD
Aurelia Gardens 22-23,CR0 3BD
Aurelia Gardens 24-27,CR0 3BD
Aurelia Gardens 28-29,CR0 3BD
Aurelia Gardens 32-33,CR0 3BD
Aurelia Gardens 34-37,CR0 3BD
Aurelia Gardens 38-39,CR0 3BD
Aurelia Gardens 42-43,CR0 3BD
Aurelia Road 150-152,CR0 3BD
Aurelia Road 160,CR0 3BB
Aurelia Road 166-168,CR0 3BB
Aveling Close,CR8 4DY
Avenue Gardens 21-26,SE25 4EB
Avenue Gardens 27-32,SE25 4EB
Avenue Gardens 7-20,SE25 4EB
Avenue Road 2A-2E,SE25 4EA
Balfour Road 25A-25B,SE25 5JY
Barham Road 4-4A,CR2 6LD
Barrow Road (Evens),CR0 4EY
Barrow Road (Odds),CR0 4EZ
Bates Crescent 57-57B,CR0 4ES
Bates Crescent 59-59A,CR0 4ET
Bates Crescent 93-95A,CR0 4ET
Bavant Road 1-14,SW16 4SN
Bavant Road 20-34,SW16 4SW
Bavant Road 35-43,SW16 4SP
Beatrice Avenue 14-14A,SW16 4UN
"Beauchamp Road 18, 22 & 128",SE19 3DE
Beauchamp Road 76,SE19 3DB
Beckford Road 46-52,CR0 6HW
Beckford Road 54-68,CR0 6HW
Beckford Road 70-76,CR0 6HW
Beckford Road 78-84,CR0 6HW
Beckford Road 86-100,CR0 6HW
Bedwardine Road 11-29,SE19 3AS
Bedwardine Road 1-5,SE19 3AP
Bedwardine Road 31-49,SE19 3AS
Bedwardine Road 71-89,SE19 3AY
Beech House 1-66,CR0 9DY
Beechwood Avenue,CR7 7DZ
Belgrave Road 1-87,SE25 5AL
Bell Court,CR0 2UG
Belmont Road,SE25 4QG
Benhurst Gardens 152,CR2 8NW
Benhurst Gardens 43,CR2 8NT
Bensham Lane,CR0 2RQ
Bensham Manor Road 35-37A,CR7 7AD
Berney Road 21-32,CR0 2JX
Berney Road 33-44,CR0 2JX
Berney Road 9-20,CR0 2JX
Betchworth Way 1-23,CR0 0TT
Beulah Crescent 1-6,CR7 8JL
Beulah Crescent 16-24,CR7 8JL
Beulah Crescent 7-15,CR7 8JL
Beulah Grove 2-3,CR0 2QU
Beulah Grove 6-6A,CR0 2QU
Beulah Hill 278A-278B,SE19 3HF
Beulah Road,CR7 8JE
Bevan Court 1-15,CR0 4DR
Bevan Court 2-16,CR0 4DR
Beverley Road 81-87,CR3 0DU
Beverstone Road,CR7 7LX 
Birchanger Road,SE25 5BQ
Birchfield Close 1-45,CR5 2SJ
Birchfield Close 51-90,CR5 2SL
Blackhorse Lane,CR0 6RS
Border Gardens 1-23,CR0 8LQ
Border Gardens 32-42,CR0 8LP
Border Gardens 44-74,CR0 8LP
Border Gardens 8-30,CR0 8LP
Boulogne Road 2,CR0 2QT
Bracken Avenue 1-35,CR0 8NL
Bracken Avenue 32-66,CR0 8NL
Braemar Avenue,CR7 7RJ
Braidwood House 1-15,CR7 7DG
Bramble Close 1-7,CR0 8JH
Bramble Close 2-24,CR0 8JG
Bramble Close 26-48,CR0 8JG
Bramble Close 31-61,CR0 8JH
Bramble Close 50-72,CR0 8JG
Bramble Close 74-96,CR0 8JH
Bramble Close 89-119,CR0 8JH
Bramble Close 98-120,CR0 8JG
Bramley Hill 1-16,CR2 6LZ
Bramley Hill 1-44,CR2 6LW
Bramley Hill 17-32,CR2 6LZ
Bramley Hill 33-48,CR2 6LZ
Bratten Court 1-24,CR0 2ES
Bridge Place 26-49,CR0 2BB
Bridge Place 50-89,CR0 2BB
Bridge Place 90-99,CR0 2BB
Bridgend,CR0 2DA
Bridle Road,CR0 8HQ
Brierley 168-175,CR0 9DS
Brierley 67-82,CR0 9DS
Brierley 83-94,CR0 9DS
Brighton Road 51-51A,CR8 2LR
Brighton Road 71-71A,CR8 4HD
Brighton Road 73-73B,CR8 4HD
Brighton Road Purley 51,CR8 2LR
Brighton Road Purley 71-73B,CR8 4HD
Brigstock Road,CR7 7JB
Brigstock Road 146-158B,CR7 7JB
Brigstock Road 155-155A,CR7 7JB
Brigstock Road 155-155A,CR7 7JB
Brigstock Road 160-170B,CR7 7JB
Broadcoombe 86-108,CR2 8HP
Broadway Close,CR2 93P
Brockham Crescent,CR0 0PP
Brook Road,CR7 7RB
Brookhurst Court 1-31,SE25 6XX
Brooklyn Road,SE25 4NQ
Brookside Way,CR0 7RR
Broom Gardens 25-47,CR0 9NA
Broom Gardens 49-71,CR0 8NP
Broom Road 25-47,CR0 8NJ
Broom Road 28-50,CR0 8NE
Brunel Close,SE19 3AE
Buckingham Avenue,CR7 8AS
Buckingham Gardens,CR7 8AT
Bulganak Road 2-8,CR7 8JA
Buller Road,CR7 8QU
Burford Way,CR0 0RR
Burlington Road 110-112,CR7 8PF
Burlington Road 62-64,CR7 8PF
Burlington Road 62-72,CR7 8PF
Burlington Road 66-68,CR7 8PF
Burlington Road 70-72,CR7 8PF
Burlington Road 86-88,CR7 8PF
Burlington Road 94-112,CR7 8PF
Burlington Road 94-96,CR7 8PF
Bute Road,CR0 3RT
Bygrove 104-111,CR0 9DJ
Bygrove 1-24,CR0 9DN
Bywood Terrace,CR0 7RA
"Bywood Terrace 1,4,10",CR0 7RA
Calley Down Crescent 62-68,CR0 0EP
Calley Down Crescent 65-71,CR0 0EP
Calley Down Crescent 70-76,CR0 0EP
Calley Down Crescent 73-79,CR0 0EP
Calley Down Crescent 78-84,CR0 0EG
Calley Down Crescent 81-87,CR0 0EP
Calley Down Crescent 86-92,CR0 0EP
Calley Down Crescent 94-100,CR0 0EP
Cambridge Road 9-15A,SE20 7XL
Camden Gardens (Evens),CR7 8AY
Camden Gardens (Odds),CR7 8AZ
Camden Way,CR7 8AX
Canning Road 1-3,CR0 6QE
Canterbury Road 10-16B,CR0 3PU
Canterbury Road 11-15B,CR0 3PU
Canterbury Road 1-5B,CR0 3PU
Canterbury Road 18-20B,CR0 3PU
Canterbury Road 26-30B,CR0 3PY
Canterbury Road 6-8B,CR0 3PU
Canterbury Road 7-9B,CR0 3PY
Capri Road,CR0 6LE
Castle Hill Avenue 100-122,CR0 0TE
Castle Hill Avenue 107-129,CR0 0TE
Castle Hill Avenue 1-11,CR0 0TH
Castle Hill Avenue 124-146,CR0 0TE
Castle Hill Avenue 131-141,CR0 0TE
Castle Hill Avenue 13-35,CR0 0TG
Castle Hill Avenue 32-54,CR0 0TE
Castle Hill Avenue 59-69,CR0 0TD
Castle Hill Avenue 71-81,CR0 0TG
Castle Hill Avenue 76-98,CR0 0TG
Castle Hill Avenue 8-30,CR0 0TB
Castle Hill Avenue 83-105,CR0 0TE
Cator Close,CR0 0BN
Cator Crescent,CR0 0BL
Cavendish Road,CR0 3LB
Cedar House 1-67,CR0 9DZ
Cedar Road,CR0 9DZ
Central Hill 125-131,SE19 1BY
Central Hill 133-139,SE19 1BY
Chaffinch Avenue,CR0 7SE
Chaldon Way,CR5 1DP
Chapman Road 10-10A,CR0 3NU
Chapman Road 10B & 16B,CR0 3NW
Chapman Road 16-16A,CR0 3NU
Chapman Road 74-74A,CR0 3NW
Chapman Road 74B & 80B,CR0 3NW
Chapman Road 80-80A,CR0 3NW
Chapman Road 90-90A,CR0 3NW
Chapman Road 90B-96B,CR0 3NW
Chapman Road 96-96A,CR0 3NW
Charnwood Road,SE25 6NT
Charrington Road,CR0 1XE
Chart Close,CR0 7YF
Chasemore Gardens 1-4,CR0 4BZ
Chasemore Gardens 15-18,CR0 4BZ
Chatsworth Road 1-18,CR0 1BN
Chaucer Green (Evens),CR0 7BN
Chaucer Green (Odds),CR0 7BP
Chelsham Road,CR2 6HZ
Chequers Court 1-12,CR0 6QE
Cherry Tree Green 1A-1D,CR2 9BL
Cherry Tree Green 1E-1H,CR2 9BL
Chertsey Crescent 10-20,CR0 0DA
Chertsey Crescent 110-120,CR0 0DA
Chertsey Crescent 1-17,CR0 0DA
Chertsey Crescent 125-153,CR0 0DA
Chertsey Crescent 155-177,CR0 0DA
Chertsey Crescent 179-239,CR0 0DA
Chertsey Crescent 19-81,CR0 0DA
Chertsey Crescent 241-257,CR0 0DA
Chertsey Crescent 56A-76D,CR0 0DX
Chertsey Crescent 83-105,CR0 0DA
Chesney Crescent,CR0 0RN
Chipstead Avenue,CR7 7DG
Chipstead Close,CR5 3AL
Chipstead Valley Road 307- 343,CR5 3BZ
Chipstead Valley Road 347- 427,CR5 3BU
Chisholm Road,CR0 6UP
Church Road,CR0 1SE
Church Road 170-184,CR0 1SE
Church Road 1-9,SE19 2NT
Church Road 283-321,SE19 2QL
Church Road 323-337,SE19 2QL
Church Road 339-353,SE19 2QL
Church Road 355-369,SE19 2QL
Church Road 371-409,SE19 2QL
Church Road 411-425,SE19 2QL
Churchill Road,CR2 6HF
Claremont Close,CR2 9EQ
Claremont Road ,CR0 7BD
Clarence Road,CR0 2EN
Claret Gardens 13-18,SE25 6RP
Claret Gardens 1-6,SE25 6RP
Claret Gardens 19-24,SE25 6RP
Claret Gardens 29-34,SE25 6RP
Claret Gardens 35-40,SE25 6RP
Claret Gardens 7-12,SE25 6RP
Claygate Crescent,CR0 0RA
Clement Close 10-24,CR8 4BY
Clement Close 1-11,CR8 4BY
Clement Close 13-19,CR8 4BZ
Clement Close 2-8,CR8 4BY
Cleves Crescent 22-32,CR0 0DL
Cleves Crescent 34-44,CR0 0DL
Cleves Crescent 46-56,CR0 0DL
Clifton Road 52-58,CR5 2DU
Cobden Road,SE25 5NX
Coe Avenue,SE25 5HW
Coldharbour Road,CR0 4DY
Coldharbour Way,CR0 4DX
Coleridge Road,CR0 7BS
Colescroft Hill,CR8 4BB
College Green 55-133,SE19 3PR
College Green 98-176,SE19 3PP
Comport Green,CR0 0BY
Coombe Road,CR0 5SG
Coombe Wood,CR0 5RQ
Cooper House,SE19 3JY
Cooper Road 14-16,CR0 4DL
Cooper Road 15-17,CR0 4DL
Cooper Road 39-41,CR0 5RB
Cooper Road 47-49,CR0 4DL
Cooper Road 6-8,CR0 4DL
Cooper Road 7-9,CR0 4DL
Copse View,CR2 8HH
Corbett Close 1-63,CR0 0JS
Cornwall Road,CR0 3RD
Cosedge Crescent,CR0 4DN
Coulsdon Court Cottages,CR5 2LL
Coulsdon Court Road,CR5 2LL
Coulsdon Road,CR5 1EN
County Road 13-15,CR7 8HN
County Road 21-23,CR7 8HN
Coventry Road,SE25 4UQ
Craignish Avenue,SW16 4RN
Cranmer Road,CR0 1SR
Creed Court,CR0 6XG
Cresswell Road 27-49,SE25 4LS
Croftleigh Avenue 10-16,CR8 4BT
Croftleigh Avenue 1-15,CR8 4BU
Croftleigh Avenue 17-31,CR8 4BT
Croftleigh Avenue 18-32,CR8 4BT
Croftleigh Avenue 2-8,CR8 4BT
Croftleigh Avenue 33-47,CR8 4BT
Croftleigh Avenue 34-44,CR8 4BU
Croftleigh Avenue 46-60,CR8 4BT
Croftleigh Avenue 49-59,CR8 4BT
Croham Road,CR2 7BA
Cromwell House 1-86,CR0 1AS
Cromwell Road,CR0 2JY
Cromwell Road 2-12,CR0 2JY
Crowley Crescent 104-106,CR0 4ED
Crowley Crescent 112-114,CR0 4ED
Crowley Crescent 28-30,CR0 4EB
Crowley Crescent 36-38,CR0 4EB
Crowley Crescent 52-54,CR0 4EB
Crowley Crescent 59-61,CR0 4EG
Crowley Crescent 60-62,CR0 4EB
Crowley Crescent 67-69,CR0 4EG
Crowley Crescent 80-82,CR0 4EB
Crowley Crescent 87-89,CR0 4EF
Crowley Crescent 88-90,CR0 4EG
Crowley Crescent 95-97,CR0 4EF
Crown Dale,SE19 3NQ
Croydon Grove 1-23,CR0 3LR
Croydon Grove 18-40,CR0 3LR
Croydon Grove 2-12,CR0 3LR
Croydon Grove 25-47,CR0 3LR
Crystal Terrace,SE19 3JT
Curling Close,CR5 1DU
Cuthbert Road,CR0 3RB
Dagnall Park 30-30A,SE25 5EG
Dagnall Park 67A-67F,SE25 5EG
Dale Park Road 1 - 3,SE19 3TY
Dalmally Road,CR0 6LS
Danebury,CR0 9EU
Darcy Road,SW16 4TX
Dartmouth House 1-12,CR0 2SL
Dartmouth House 13-40,CR0 2SL
Davidson Lodge,CR0 6PD
Davidson Road 423-437,CR0 6DS
Davidson Road 439-445,CR0 6DS
Davidson Road 447-461,CR0 6DS
Delamare Crescent,CR0 7BW
Denmark Road 108-124,SE25 5RD
Denmark Road 40-50,SE25 5RD
Denmark Road 60-70,SE25 5RD
Denmark Road 65-91,SE25 5RD
Denmark Road 72-82,SE25 5RP
Denmark Road 84-94,SE25 5RD
Denmark Road 96-106,SE25 5RD
Denmead Road,CR0 3TA
Denning Avenue,CR0 4DG
Dering Place,CR0 1DT
Dering Road 30-35,CR0 1DS
Desborough Court 1-10,SE25 4LH
Desborough Court 11-14,SE25 4LH
Desborough Court 15-20,SE25 4LH
Desborough Court 21-36,SE25 4LH
Devonshire Road 1-17,CR0 2JW
Dominion Road,CR0 6JP
Dover Road 2-36,SE19 3JL
Downlands Road,CR8 4JF
Downscourt Road 34A-34B,CR8 1BB
Downscourt Road 48-48A,CR8 1BB
Downsview Gardens,SE19 3XQ
Drake Road,CR0 3NH
Drayton Road 2-24,CR0 1XR
Drovers Road 25-39,CR2 6PR
Drovers Road 41-55,CR2 6PR
Drovers Road 9-23,CR2 6PR
Dulverton Road 47A-47D,CR2 8PJ
Dulverton Road 47E-47H,CR2 8PJ
Dundee Road,SE25 4QN
Dunheved Road South 19-29,CR7 6AD
Dunheved Road South 31-41,CR7 6AD
Dunkeld Road,SE25 6QH
Dunley Drive,CR0 0RG
Dunsfold Way 114-136,CR0 0TN
Dunsfold Way 129-155,CR0 0TP
Dunsfold Way 157-183,CR0 0TR
Dunsfold Way 193-219,CR0 0TQ
Dunsfold Way 221-243,CR0 0TP
Dunsfold Way 2-24,CR0 0TL
Dunsfold Way 245-267,CR0 0TS
Dunsfold Way 269-279,CR0 0TS
Dunsfold Way 281-291,CR0 0TS
Dunsfold Way 36-58,CR0 0TP
Dunsfold Way 49-81,CR0 0TP
Dunsfold Way 7-39,CR0 0TP
Dunsfold Way 95-127,CR0 0TQ
Duppas Avenue,CR0 4BX
Duppas Court 1-36,CR0 4BB
Duppas Court 37-40,CR0 4BB
Duppas Hill Lane 1-39,CR0 4BE
Duppas Hill Terrace,CR0 4BB
Earlswood Avenue,CR7 7HX
Eastney Road 105-120,CR0 3TF
Eastney Road 130-147,CR0 3TF
Eastney Road 149-160,CR0 3TF
Eastney Road 42-53,CR0 3TF
Eastney Road 57-68,CR0 3TF
Eastney Road 69-80,CR0 3TF
Eastney Road 89-104,CR0 3TF
Ecclesbourne Road,CR7 7BN
Edgar Road,CR2 0NG
Edgecoombe 10A-10D,CR2 8AA
Edgecoombe 12A-12D,CR2 8AA
Edgecoombe 4A-4D,CR2 8AA
Edgecoombe 6A-6D,CR2 8AA
Edgecoombe 8A-8D,CR2 8AA
Edith Road 29A-29B,SE25 5PG
Edith Road 65-65A,SE25 5PG
Edward House,CR5 2NS
Effingham Road 10-12,CR0 3NE
Effingham Road 18-20,CR0 3NE
Effingham Road 26-28,CR0 3NE
Effingham Road 31-33,CR0 3NE
Effingham Road 34-36,CR0 3NE
Effingham Road 39-41,CR0 3NE
Effingham Road 47-49,CR0 3NE
Effingham Road 55-57,CR0 3NE
Effingham Road 58-60,CR0 3NE
Effingham Road 66-68,CR0 3NE
Ellis Close,CR5 1BQ
Ellis Road,CR5 1DX
Ellis Road 1-6,CR5 1DX
Ellis Road 24,CR5 1DX
Ellis Road 50,CR5 1DX
Ellis Road 6,CR5 1BY
Ellis Road 68,CR5 1DX
Ellis Road 85-95A,CR5 1DX
Ellis Road 99,CR5 1DX
Elmers Road,SE25 5DS
Elmpark Gardens,CR2 8RU
Elmside,CR0 9DT
Elmwood Road,CR0 2SL
Ely Road,CR0 2LU
Ely Road 11-19A,CR0 2LU
Ely Road 1-9A,CR0 2LU
Ely Road 2-10B,CR0 2LU
Englefield Close 11-16,CR0 2TU
Englefield Close 17-18,CR0 2TU
Epsom Road,CR0 4NA
Erica Gardens 1-23,CR0 8LG
Erica Gardens 18-48,CR0 8LG
Essex Court 1-15,SE19 3SY
Essex Grove,SE19 3SY
Estcourt Road,SE25 4SE
Euston Road 53-53A,CR0 3NS
Euston Road 59-59A,CR0 3NS
Euston Road 61-61A,CR0 3NS
Euston Road 67-67A,CR0 3NS
Everton Road,CR0 6LA
Fairchildes Avenue 106-112,CR0 0AN
Fairchildes Avenue 117-139,CR0 0AH
Fairchildes Avenue 90-96,CR0 0AH
Fairchildes Avenue 93-115,CR0 0AH
Fairchildes Avenue 98-104,CR0 0AH
Fairchildes Cottages,CR6 9PP
Fairfield Path,CR0 5PB
Fairholme Road,CR0 3PG
Fairmead Road,CR0 3NQ
Farley Road,CR2 8DB
Farnborough Avenue,CR2 8HF
Fawcett Road,CR0 1SP
Fernham Road 24-28,CR7 8JD
Fernham Road Block 5-5C,CR7 8JD
Bourne Park 1-11,CR0 5BS
Field Close,CR5 2SJ
Fieldway,CR0 9DZ
Fir Tree Gardens 1-23,CR0 8JS
Fir Tree Gardens 14-36,CR0 8JQ
Fir Tree Gardens 2-12,CR0 8JS
Fir Tree Gardens 25-47,CR0 8JS
Fir Tree Gardens 38-72,CR0 8JS
Fir Tree Gardens 49-71,CR0 8JS
Fir Tree Gardens 73-95,CR0 8JS
Fir Tree Gardens 74-84,CR0 8JR
Fir Tree Gardens 86-96,CR0 8JR
Fir Tree Gardens 98-108,CR0 8JS
Fire Station Cottages,CR8 4DB
Fisher Close 1-29,CR0 6QY
Fisher Close 30-35,CR0 6QY
Fisher Close 36-41,CR0 6QY
Fisher Close 42-47,CR0 6QY
Fisher Close 48-53,CR0 6PG
Fisher Close 54-59,CR0 6PG
Fisher Close 60-65,CR0 6QY
Fleming Court 1-15,CR0 4DQ
Fleming Court 2-16,CR0 4DQ
Flora Court 25-27,CR7 7FP
Flora Gardens 11-19,CR0 0JT
Flora Gardens 1-9,CR0 0JT
Flora Gardens 21-29,CR0 0JT
Flora Gardens 31-39,CR0 0JT
Flora Gardens 49 & 65,CR0 0JT
Forge Avenue,CR5 1LR
Foss Avenue,CR0 4EW
Foxcombe 58-69,CR0 9EX
Foxcombe 70-83,CR0 9EX
Foxcombe 84-97,CR0 9EX
Foxcombe 98-105,CR0 9EX
Foxearth Road,CR2 8EN
Freelands Avenue 2-24,CR2 8HT
Freeman Court,SW16 4QR
Freemasons Road,CR0 6PB
Frensham Drive 2-28,CR0 0QY
Frensham Drive 30-56,CR0 0QY
Frensham Drive 66-88,CR0 0QY
Frensham Drive 90-100,CR0 0QY
Frensham Drive 90-96,CR0 0QY
Frensham Drive 98-100,CR0 0QY
Frimley Close 113-135,CR0 0RB
Frimley Close 122-144,CR0 0RB
Frimley Close 137-159,CR0 0RD
Frimley Close 37-59,CR0 0RB
Frimley Close 44-70,CR0 0RB
Frimley Close 61-83,CR0 0RB
Frimley Close 85-111,CR0 0RB
Frimley Close 98-120,CR0 0RB
Frimley Crescent,CR0 0RH
Frith Road,CR0 1TA
Frylands Court,CR0 0BD
Gardeners Road,CR0 3SX
Gardiner Court,CR2 6AE
Garnet Road,CR7 8RD
Garnet Road (1-133),CR7 8RD
Garston Lane,CR8 5BA
Gascoigne Road,CR0 0ND
Gatehouse,CR0 6PD
Gatestone Court 1-12,SE19 3AU
Gatestone Court 13-21,SE19 3AT
Gatestone Court 22-27,SE19 3AU
Gatestone Court 28-39,SE19 3AU
Gatestone Court 40-56,SE19 3AU
Gatestone Road,SE19 1BJ
Gatwick House,CR0 7RA
Gilbert Court,CR5 2NL
Gillett Road 12-142,CR7 8SN
Gillett Road 67-77,CR7 8RL
Gillett Road 79-89,CR7 8SN
Gladstone Road,CR0 2BQ
Gloucester Road,CR0 2DH
Godric Crescent 121-147,CR0 0HS
Godstone Road 136 & 146,CR8 2DF
"Godstone Road 141,143 & 227",CR8 5BD
Godstone Road 141-143,CR8 5BD
Godstone Road 225-235,CR8 2DF
Goldcrest Way,CR0 0PL
Goodenough Close,CR5 1BT
Goodenough Way 1-6,CR5 1DY
Goodenough Way 2-28/Ellis Road 1-19,CR5 1DY
Goodenough Way 30-76/Ellis Rd 21-51,CR5 1DY
Goodenough Way126-168/Ellis 85-95A,CR5 1DY
Goodenough Way78-124/Ellis 53-83A,CR5 1DY
Goodwin Gardens,CR0 4HS
Goodwin Road,CR0 4EJ
Gordon Crescent 133-176,CR0 6NX
Gorse Road 138-144,CR0 8LD
Gorse Road 148-150,CR0 8LU
Gorse Road 31-37,CR0 8LH
Gorse Road 32-62,CR0 8LD
Gorse Road 51-57,CR0 8LD
Gorse Road 74-96,CR0 8LD
Gorse Road 98-128,CR0 8LD
Grace Road,CR0 2QQ
Grafton House,CR8 5NL
Granden Road,SW16 4SS
Grange Park Road 17-23,CR7 8QE
Grange Park Road 29-35,CR7 8QE
Grange Road,CR2 0NB
Grange Road,SE19 3BU
Grange Road,CR7 8SA
Grangewood Terrace,SE25 6TA
"Grasmere Road 9-17 & 19,1-9",SE25 4RF
Green Lane,CR7 8BL
Greenside Road 59-73A,CR0 3PN
Greenview Avenue,CR0 7QW
Gresham Road,SE25 5JT
Grindall Close,CR0 4PX
Grosvenor Road 1-44,SE25 5AW
Gurney Crescent 26-26A,CR0 3JR
Gurney Crescent 32-32A,CR0 3JR
Gurney Crescent 42-42A,CR0 3JR
Gurney Crescent 48-48A,CR0 3JR
Hamilton Road,CR7 8NN
Hampton Road,CR0 2XJ
Hancock Road 18-18E,SE19 3JW
Hancock Road 20-22C,SE19 3JW
Hancock Road 24-24A,SE19 3JW
Hancock Road 37-59,SE19 3JW
Handcroft Road,CR0 3LF
Hares Bank 13-19,CR0 0ET
Hares Bank 21-27,CR0 0ET
Hares Bank 29-35,CR0 0ET
Harewood Gardens,CR2 9BJ
Harewood Gardens 78A-78B,CR2 9BJ
Harlands Grove 1-4,CR0 0FA
Harlands Grove 17-36,CR0 0FA
Harlands Grove 5-16,CR0 0FA
Harold Road,SE19 3PU
Harrington Road 1-25A,SE25 4NF
Harrington Road 1-9,SE25 4LX
Harrington Road 40-50,SE25 4LX
Harrington Road 62-76,SE25 4LY
Harvest Court,CR2 9LW
Hastings Road,CR0 6PH
Havelock House,CR0 6PY
Hawkhirst Road 1-7,CR8 5DX
Hawkhirst Road 9-15,CR8 5DN
Hawthorn Avenue,CR7 8BW
Hawthorn Crescent,CR2 8PD
Haydn Avenue,CR8 4AJ
Hayes Lane,CR8 5LB
Hazelwood Grove,CR2 9DU
Headley Drive,CR0 0QE
Heath Road,CR5 2JP
Heather Way 2-24,CR2 8HN
Heathfield Gardens 1-24,CR0 1EN
Heathfield Gardens 25-44,CR0 1EN
Heathfield Gardens 45-76,CR0 1EN
Heathfield Road 1-7B,CR0 1EY
Heathfield Vale 1-12,CR2 8AJ
Heighton Gardens 5-6,CR0 4DH
Heighton Gardens 9-10,CR0 4DH
Helder Street,CR2 6HT
Henderson Road 1-10A,CR0 2QG
Henderson Road 11-17A,CR0 2QG
Hermitage Road 129-159,SE19 3QL
Hermitage Road 142-148,SE19 3JU
Hermitage Road 161-183,SE19 3JS
Hermitage Road 193-203,SE19 3JS
Hermitage Road 65-75,SE19 3QN
High Street 46A-46B,CR0 1YB
High Street Purley,CR8 2AA
High View Road,SE19 3SS
Highbury Avenue,CR7 8BP
Highfield Hill 61-71,SE19 3PT
Highfield Hill 73-83,SE19 3PT
Highview Road 24-26B,SE19 3SS
Hillars Heath Road,CR5 2JP
Hillier Gardens 10-12,CR0 4EH
Hillier Gardens 1-3,CR0 4EH
Hillier Gardens 2-4,CR0 4EH
Hillier Gardens 9-11,CR0 4EH
Hillside House 1-32,CR0 4HE
Hillside Road,CR0 4DA
Holmesdale Road 11-17,CR0 2LS
Holmesdale Road 19-29,CR0 2LT
Holmewood Road,SE25 6UY
Homestead Way 110-116,CR0 0AW
Homestead Way 118-124,CR0 0AW
Homestead Way 125-135,CR0 0DT
Homestead Way 126-132,CR0 0AW
Homestead Way 159-181,CR0 0AW
Homestead Way 198-208,CR0 0DU
Homestead Way 205-227,CR0 0DY
Homestead Way 229-239,CR0 0DZ
Hood Close 1-18,CR0 3SR
Hood Close 20-37,CR0 3SN
Hood Close 38-55,CR0 3SR
Hood Close 57-65,CR0 3SR
Hood Close 66-83,CR0 3SR
Horsley Drive 2-24,CR0 0QU
Horsley Drive 34-64,CR0 0QU
Horsley Drive 82-92,CR0 0QU
Houlder Crescent,CR0 4EL
Houston Court 1-12,CR0 6NA
Houston Court 13 - 18,CR0 6PS
Howard Road,SE25 5DD
Hughes Walk 1-10,CR0 2TR
Hughes Walk 15-16,CR0 2TR
Hughes Walk 17-22,CR0 2TR
Hughes Walk 23-26,CR0 2TR
Hutchingsons Road 10-21,CR0 0BD
Hutchingsons Road 26-37,CR0 0BD
Hyde Road,CR2 9NQ
Idlewild Mews - Coldharbour Road,CR0 4DW
Ilkley Close,SE19 3SQ
Isham Road,SW16 4TH
Ivers Way,CR0 0QQ
Ivy Lodge,CR2 0PB
Jasmine Gardens 1-31,CR0 8LE
Jasmine Gardens 20-50,CR0 8LE
Jesmond Road 1-11,CR0 6JR
John Street,SE25 4UJ
Johnson Road 59-81,CR0 2JS
Jutland Gardens 10-16,CR5 1DW
Keats Way,CR0 7BX
Keeling Court 1-44,CR0 4AY
Kemerton Road 36-46,CR0 6JL
Kemp Gardens,CR0 2TT
Kennelwood Crescent,CR0 0DR
Kensington Avenue 30-44,CR7 8BY
Kensington Avenue 43A-43B,CR7 8BT
Kensington Avenue 46-52,CR7 8BY
Kensington Avenue 47A-47B,CR7 8BY
Kensington Avenue 54-68,CR7 8BZ
Kent Gate Way,CR0 5AR
Keston Road,CR7 6BS
Kestrel Way 1-12,CR0 0HD
Kestrel Way 13-20,CR0 0HD
Kestrel Way 21-40,CR0 0HD
Kestrel Way 41-48,CR0 0HL
Kestrel Way 49-68,CR0 0HL
Kettering Court 1-85,CR7 8SR
Kidderminster Road 41-41A,CR0 2UF
Kidderminster Road 43A-43B,CR0 2UF
King Henry'S Drive,CR0 0PS
King Henry'S Drive 1-13A,CR0 0PS
King Henry'S Drive 121-123A,CR0 0PS
King Henry'S Drive 122-140,CR0 0PS
King Henry'S Drive 125-131,CR0 0PS
King Henry'S Drive 15-27A,CR0 0PS
King Henry'S Drive 383-389,CR0 0PS
King Henry'S Drive 391-397,CR0 0PS
King Henry'S Drive 399-405,CR0 0PS
King Henry'S Drive 405A-421D,CR0 0AG
King Henry'S Drive 423-429,CR0 0PS
King Henry'S Drive 431-437,CR0 0PS
King Henry'S Drive 439-445,CR0 0PS
King Henry'S Drive 463-469,CR0 0PS
King Henry'S Drive 471-477,CR0 0PS
King Henry'S Drive 479-485,CR0 0PS
King Henry'S Drive 495-501,CR0 0AG
King Henry'S Drive 503-509,CR0 0PS
King Henry'S Drive 511-517,CR0 0PS
King Henry'S Drive 77-83A,CR0 0PS
King Henry'S Drive 85-87A,CR0 0PS
Kings Walk,CR2 9BS
Kingsdown Avenue 106-112,CR2 6QN
Kingsdown Avenue 114-120,CR2 6QN
Kingsdown Avenue 122-128,CR2 6QN
Kingsdown Avenue 123-145,CR2 6QN
Kingsdown Avenue 130-136,CR2 6QN
Kingsdown Avenue 138-144,CR2 6QN
Kingsdown Avenue 146-152,CR2 6QN
Kingsdown Avenue 147-169,CR2 6QN
Kingsdown Avenue 75-97,CR2 6QN
Kingsdown Avenue 99-121,CR2 6QN
Kingsley Road,CR0 3NP
Kirby House 1-16,CR0 6AB
Kitchener Road,CR7 8QN
Knights Court,CR2 6HT
Knole Close 5-10,CR0 7UE
Kuala Gardens 11-75,SW16 3LQ
Lacey Green,CR5 1BL
Ladbrook Road,SE25 6QD
Lakeman Court 1-18,CR7 8SP
Lamberts Place,CR0 2BR
Lambeth Road,CR0 3LS
Lancaster Road 2A-2D,SE25 4AQ
Lancing House,CR0 1BQ
Lansdowne Road,CR8 2PD
Larch Tree Way,CR0 8LR
Lathams Way,CR0 4XP
Laud Street,CR0 1SW
Launceston Court 11-16,CR7 6AD
Launceston Court 1-4,CR7 6AD
Launceston Court 17-20,CR7 6AD
Launceston Court 5-10,CR7 6AD
Laurel Crescent 122-144,CR0 8LW
Laurel Crescent 146-168,CR0 8JN
Laurel Crescent 170-224,CR0 8LU
Laurel Crescent 2-24,CR0 8LU
Laurel Crescent 26-48,CR0 8LU
Laurel Crescent 50-72,CR0 8LU
Laurel Crescent 74-96,CR0 8LW
Laurel Crescent 98-120,CR0 8LU
Laxton Court,CR7 8SQ
Layard Road,CR7 8JS
Layton Crescent 11-12,CR0 4EA
Layton Crescent 31-32,CR0 4EA
Layton Crescent 35-36,CR0 4DP
Layton Crescent 43-68,CR0 4DP
Layton Crescent 7-8,CR0 4EA
Leigh Crescent,CR0 0RL
Leighton Gardens 1-12,CR2 9DY
Leighton Street 47-69,CR0 3SB
Lenham Road,CR7 8QS
Leslie Grove,CR0 6TG
Leveret Close,CR0 0ER
Lilac Gardens 10-32,CR0 8NR
Lilac Gardens 1-7,CR0 8NR
Limes Road 18,CR0 2HE
Limpsfield Avenue,CR7 6BE
Limpsfield Road,CR2 9EA
Lincoln Road,SE25 4HQ
Linden Avenue,CR5 3BT
Lion Green Road,CR5 2NL
Little Roke Avenue,CR8 5NJ
Little Roke Road,CR8 5NF
Littlewood House,CR2 9LQ
Livingstone Road 121-131A,CR7 8JY
Lodge Lane 201-215,CR0 0QA
Lodge Lane 217-257,CR0 0QA
Lodge Lane 259-299,CR0 0QB
Lodge Lane 313-359,CR0 0QD
Lodge Lane 361-407,CR0 0TA
Lodge Lane 409A - 409B,CR0 0QA
Lodge Lane 421-461,CR0 0QA
Lodge Lane 463-549,CR0 0SA
Lodge Lane 551-637,CR0 0QA
Lodge Road 25-29E,CR0 2PD
Lomas Close,CR0 0QX
London Road 1269-1285,SW16 4UP
Long Lane 1-14,CR0 7TF
Long Lane 154 -158,CR0 7TA
Long Lane 199 -203,CR0 7TE
Long Lane 209-263,CR0 7TF
Long Lane 3-3A,CR0 7AR
Long Lane 7-7A,CR0 7AR
Longheath Gardens 1-10,CR0 7TL
Longheath Gardens 111-130,CR0 7TP
Longheath Gardens 1-12 ,CR0 7TQ
Longheath Gardens 143-162,CR0 7TP
Longheath Gardens 143A,CR0 7TP
Longheath Gardens 1-5,CR0 7TW
Longheath Gardens 1-6,CR0 7TZ
Longheath Gardens 1-6 205A,CR0 7TR
Longheath Gardens 163-182,CR0 7TP
Longheath Gardens 205-224,CR0 7TP
Longheath Gardens 225-246,CR0 7TP
Longheath Gardens 259-278,CR0 7TP
Longheath Gardens 26-34,CR0 7TH
Longheath Gardens 279-288,CR0 7TP
Longheath Gardens 297-306,CR0 7TU
Longheath Gardens 307 - 316,CR0 7TU
Longheath Gardens 317 - 326,CR0 7TU
Longheath Gardens 327-336,CR0 7TW
Longheath Gardens 337-346,CR0 7TW
Longheath Gardens 347-351,CR0 7TW
Longheath Gardens 35-48,CR0 7TH
Longheath Gardens 67-86,CR0 7TP
Longheath Gardens 87-106,CR0 7TP
Longhurst Road,CR0 7AY
Longley Road,CR0 3LH
Lower Addiscombe Road,CR0 6PQ
Lower Addiscombe Road 192A-B,CR0 6AH
Lower Barn Road 57-63,CR8 1HN
Lower Barn Road 65-71,CR8 1HN
Lower Barn Road 73-79,CR8 1HN
Lower Barn Road 81-87,CR8 1HN
Lower Barn Road 89-95,CR8 1HN
Lower Church Street,CR0 1XF
Lower Road 12-18,CR8 5NB
Lucas House,CR8 5NL
Lynscott Way,CR2 6BW
Lynwood Gardens,CR0 4QH
Macclesfield Road,SE25 4RY
Malcolm Wicks House 1-90,CR0 1LQ
Malden Avenue,SE25 4HR
Malling Close 1-6,CR0 7YD
Malton House 1-14,SE25 5QD
Mardell Road,CR0 7TG
Marion Road 10-12B,CR7 7AL
Marion Road 13-15B,CR7 7AL
Marion Road 1-3B,CR7 7AL
Marion Road 14-16B,CR7 7AL
Marion Road 17-17B,CR7 7AL
Marion Road 5-7B,CR7 7AL
Marion Road 6-8B,CR7 7AL
Marion Road 9-11B,CR7 7AL
Marston Way 110-120,SE19 3JF
Marston Way 121-131,SE19 3JD
Marston Way 1-23,SE19 3JB
Marston Way 2-24,SE19 3JE
Marston Way 25-47,SE19 3JB
Marston Way 26-48,SE19 3JE
Marston Way 49-71,SE19 3JB
Marston Way 50-72,SE19 3JD
Marston Way 73-95,SE19 3JD
Marston Way 74-96,SE19 3JF
Marston Way 97-119,SE19 3JF
Marston Way 98-108,SE19 3JF
Martin Crescent 11-11A,CR0 3JQ
Martin Crescent 29-29A,CR0 3JQ
Martin Crescent 35-35A,CR0 3JQ
Martin Crescent 5-5A,CR0 3JQ
Matthews Gardens,CR0 0BZ
Maycot,SE19 3NQ
Mayday Road 48-82,CR7 7HL
Mayday Road 84-146,CR7 7HN
Mayes Close,CR0 0FB
Meadow Stile,CR0 1NH
Medway Close,CR0 7YG
Melrose Avenue,SW16 4RU
Melrose Road,CR5 3JH
Merrow Way,CR0 0RS
Mersham Road,CR7 8NS
Messer Court 1-44,CR0 4AX
Mickleham Way 1-6,CR0 0PN
Middle Close,CR5 1BH
Midhurst Avenue,CR0 3PR
Miles Court 1-28,CR0 3RB
"Milford Gardens, Flats 1-2",CR0 7TT
Mill Court 1-6,SE19 3PT
Mill Court 53-83,SE19 3PT
Miller Road 11-11A,CR0 3JZ
Miller Road 17-17A,CR0 3JZ
Miller Road 19-19A,CR0 3JY
Miller Road 22-22A,CR0 3JY
Miller Road 25-25A,CR0 3JZ
Miller Road 28-28A,CR0 3JY
Miller Road 30-30A,CR0 3JY
Miller Road 36-36A,CR0 3JY
Milne Park East 101-107,CR0 0BE
Milne Park East 109-115,CR0 0BE
Milne Park East 117-123,CR0 0BE
Milne Park East 2-20,CR0 0BE
Milne Park East 25-29,CR0 0BB
Milne Park East 31-35,CR0 0BE
Milne Park East 45-51,CR0 0BE
Milne Park East 53-59,CR0 0BE
Milne Park East 61-67,CR0 0BE
Milne Park East 69-75,CR0 0BE
Milne Park East 93-99,CR0 0BE
Milne Park West 76-82,CR0 0DP
Milne Park West 84-90,CR0 0DP
Milne Park West 92-98,CR0 0DP
Milton Road,CR0 2BG
Mitcham Road,CR0 3RU
Mitcham Road 7 The Parade,CR0 3RU
Moffat Road 128-144A,CR7 8PW
Montacute Road,CR0 0JE
Moore Road 13-27,SE19 3RA
Moore Road 6-20,SE19 3RA
Moore Road 66-72,SE19 3RA
Morland Road,CR0 6HE
Morris Court 1-44,CR0 4AZ
Moss Gardens 13-16,CR2 8HB
Mosslea Road,CR3 0DQ
Mss-Layton Crescent 43 -68,CR0 4EA
Mss-Southlands Close 1- 41,CR5 2HW
Myrtle Road 1-23,CR0 8NY
Myrtle Road 25-47,CR0 8NY
Myrtle Road 2-8,CR0 8NZ
Myrtle Road 55-77,CR0 8NZ
Myrtle Road 56-70,CR0 8NY
Myrtle Road 72-88,CR0 8NW
Naseby Road,SE19 3JJ
Nelson Close 1-15,CR0 3SW
Nelson Close 16-27,CR0 3SW
Nelson Close 28-45,CR0 3SW
Nelson Close 46-60,CR0 3SW
Nelson Close 61-81,CR0 3SU
Netley Close,CR0 0QR
Newlands Road,SW16 4SL
Norbury Avenue 121 - 191,CR7 8AP
Norbury Avenue 130 - 200,CR7 8AG
Norbury Avenue 13A,CR7 8AH
Norbury Avenue 204,CR7 8AJ
Norbury Avenue 205 - 239,CR7 8AB
Norbury Avenue 23 - 59,CR7 8AL
Norbury Avenue 24,CR7 8AA
Norbury Avenue 245 - 263,SW16 3RN
Norbury Avenue 273 - 313,SW16 3RW
Norbury Avenue 288 - 310,SW16 3RL
Norbury Avenue 30 - 66,CR7 8AE
Norbury Avenue 309A-309B,CR7 8AE
Norbury Avenue 36 - 44,CR7 8AD
Norbury Avenue 73 - 111,CR7 8AN
Norbury Avenue 76 - 124,CR7 8AF
Norbury Crescent,SW16 4JS
Norbury Road,CR7 8JN
Norman Avenue,CR2 0QH
North Downs Crescent 2-24,CR0 0LH
North Downs Crescent 25-31,CR0 0LJ
North Downs Crescent 26-48,CR0 0LH
North Downs Crescent 33-39,CR0 0LJ
North Downs Crescent 41-47,CR0 0LJ
North Downs Crescent 50-72,CR0 0LH
North Downs Crescent 53-59,CR0 0LJ
North Downs Crescent 61-67,CR0 0LJ
North Downs Crescent 69-75,CR0 0LJ
North Downs Crescent 77-83,CR0 0LJ
North Downs Crescent 9-15,CR0 0LJ
North Downs Road 50-72,CR0 0LD
North Downs Road 65-71,CR0 0LF
North Downs Road 74-96,CR0 0LJ
North Downs Road 93-99,CR0 0LD
North Walk,CR0 9EP
Northborough Road,SW16 4AX
Northbrook Road,CR0 2QL
Northbrook Road 1-11,CR0 2QL
Northbrook Road 22-32,CR0 2QL
Northcote Road,CR0 2HT
Northway Road,CR0 6JG
Northwood Avenue,CR8 2EQ
Norton Gardens,SW16 4SY
Norwich Road 1 & 3 & 5 & 11,CR7 8NA
Nutfield Road,CR7 7DL
Oak Avenue 1-6,CR0 8ER
Oakbank 100-107,CR0 9EF
Oakbank 128-135,CR0 9EA
Oakbank 22-29,CR0 9EA
Oakbank 66-73,CR0 9EF
Oakfield Road 47A-47C,CR0 2UX
Oaklands 13-16,CR8 5LB
Oaklands 1-4,CR8 5LB
Oaklands 17-24,CR8 5LB
Oaklands 25-32,CR8 5LB
Oaklands 33-36,CR8 5LB
Oaklands 5-12,CR8 5LB
Oaklea Court 1-18,CR2 0NH
Oakley Road,SE25 4XG
Oaks Road,CR8 5NY
Oban Road,SE25 6QQ
Ockley Road,CR0 3DP
Old Lodge Lane,CR8 4DD
Old Town 53-65,CR0 1AU
Olden Lane 18-24,CR8 2EH
Olden Lane 26-32,CR8 2EH
Onslow Road 10-12,CR0 3NG
Onslow Road 106-108,CR0 3LL
Onslow Road 114-116,CR0 3NY
Onslow Road 122-124,CR0 3NL
Onslow Road 130-132,CR0 3NL
Onslow Road 13-15,CR0 3NY
Onslow Road 18-20,CR0 3NG
Onslow Road 21-23,CR0 3NN
Onslow Road 38-40,CR0 3NJ
Onslow Road 46-48,CR0 3NY
Onslow Road 53-55,CR0 3NY
Onslow Road 61-63,CR0 3NY
Onslow Road 69-71,CR0 3NY
Onslow Road 77-79,CR0 3NY
Onslow Road 78-80,CR0 3NJ
Onslow Road 86-88,CR0 3NL
Orchard Road 62-64,CR2 9LW
Orchard Road 86 -88,CR2 9LW
Otterbourne Road,CR0 1XZ
Outram Road,CR0 6XG
Oval Road 188-198,CR0 6BP
Overbury Crescent,CR0 0LS
Oxford Road,SE19 3JH
Page Crescent 12-13,CR0 4DT
Page Crescent 8-9,CR0 4DT
Palmers Road,SW16 4SH
Palmerston Road 22-23,CR0 2QH
Pampisford Road 1-9,CR2 6DA
Parchmore Road 1-9,CR7 8HD
Parchmore Road 213-215,CR7 8HH
Parchmore Road 221-223,CR7 8HH
Parchmore Road 225-227,CR7 8HH
Parchmore Road 229-231,CR7 8HH
Parchmore Road 233-235,CR7 8HH
Parchmore Road 241-243,CR7 8HH
Parchmore Road 245-247,CR7 8HH
Parchmore Road 253-255,CR7 8HH
Parchmore Road 257-263,CR7 8HH
Parchmore Road 265-267,CR7 8HH
Parchmore Road 273-275,CR7 8HH
Park Road,CR2 6NX
Parkway,CR0 0LA
Parsons Mead,CR0 3SL
Parsons Pightle,CR5 1EE
Partridge Knoll 20-31,CR8 1BS
Partridge Knoll 32-43,CR8 1BS
Partridge Knoll 44-55,CR8 1BS
Partridge Knoll 67-78,CR8 1BS
Partridge Knoll 8-19,CR8 1BU
Pawsons Road 1- 6,CR0 2QE
Pawsons Road 1-3,CR0 2QE
Pawsons Road 18-20B,CR0 2QE
Pawsons Road 19-29,CR0 2QE
Pawsons Road 22-24B,CR0 2QE
Pawsons Road 26-28B,CR0 2QE
Pawsons Road 30-32B,CR0 2QE
Pawsons Road 31-41,CR0 2QE
Pawsons Road 34-36B,CR0 2QE
Pawsons Road 38-40B,CR0 2QE
Pawsons Road 42-44B,CR0 2QE
Pawsons Road 43-53,CR0 2QE
Penge Road 26-48,SE25 4EX
Peppermint Close,CR0 3DX
Polmont 1-6,CR8 5DY
Portland Road (Grd & 1Stff),SE25 4PQ
Portnalls Road,CR5 3DF
Prescott House 1-12,CR0 4AG
Prestwood Gardens 13-14,CR0 2TW
Prestwood Gardens 15-20,CR0 2TW
Prestwood Gardens 1-6,CR0 2TW
Prestwood Gardens 21-22,CR0 2TW
Prestwood Gardens 23-28,CR0 2TW
Prestwood Gardens 29-32,CR0 2TW
Prestwood Gardens 33-36,CR0 2TW
Prestwood Gardens 37-38,CR0 2TW
Prestwood Gardens 39-44,CR0 2TW
Prestwood Gardens 45-46,CR0 2TW
Prestwood Gardens 47-52,CR0 2TW
Prestwood Gardens 7-12,CR0 2TW
Price Road,CR0 4DB
Pridham Road 1-11,CR7 8RS
Pridham Road 13-23,CR7 8RS
Pridham Road 25-35,CR7 8RS
Pridham Road 37-47,CR7 8RS
Prince Road,SE25 6NF
Princes Avenue ,CR2 9BB
Princess Road 69-96A,CR0 2QS
Priory Road,CR0 3QZ
Purley Downs Road,CR8 1HA
Purley Road 2-24,CR2 6EY
Purley View Terrace,CR2 0PJ
Purley Way 1-71,CR0 3JU
Purley Way 533 - 617,CR0 3JU
Purvis House 70-150,CR0 2JY
Queen Elizabeths Drive,CR0 0HB
Queen Elizabeths Gardens,CR0 0HA
Queens Road 1-11,CR0 2PS
Queens Road 37-43A,CR0 2PS
Queens Road 45-55,CR0 2PS
Railway Cottages,CR8 4DJ
Ravensdale Gardens 23-28,SE19 3QE
Ravensdale Gardens 29-34,SE19 3QE
Ravensdale Gardens 35-40,SE19 3QE
Ravensdale Gardens 41-46,SE19 3QE
Ravensdale Gardens 47-49,SE19 3QE
Ravensdale Gardens 50-52,SE19 3QE
Ravensdale Gardens 53-55,SE19 3QE
Ravensdale Gardens 56-58,SE19 3QE
Ravensdale Gardens 59-61,SE19 3QE
Ravensdale Gardens 62-64,SE19 3QE
Ravensdale Gardens 65-67,SE19 3QE
Ravensdale Gardens 68-70,SE19 3QE
Ravensdale Gardens 71-73,SE19 3QE
Raymead Avenue,CR7 7SA
Redstart Close 14-20,CR0 0EU
Redstart Close 22-28,CR0 0EU
Redstart Close 6-12,CR0 0EU
Reedham Park Avenue 2-8,CR8 4BQ
Rees Gardens 50-56,CR0 6HS
Rees Gardens 57-63,CR0 6HX
Rees Gardens 58-64,CR0 6HS
Rees Gardens 65-71,CR0 6HX
Rees Gardens 66-72,CR0 6HX
Rees Gardens 73-79,CR0 6HX
Rees Gardens 74-80,CR0 6HS
Rees Gardens 81-87,CR0 6HX
Regina Road,SE25 4TR
Regina Road 110a,SE25 4TY
Regina Road 112-128,SE25 4TS
Regina Road 159-177,SE25 4TR
Regina Road 179-197,SE25 4TR
Regina Road 1-87,SE25 4TW
Regina Road 199-221,SE25 4TR
Regina Road 2-56A,SE25 4TU
Regina Road 58-108A,SE25 4TT
Regina Road 89-123,SE25 4TP
Renown Close 1-15,CR0 3SZ
Renown Close 16-27,CR0 3SZ
Renown Close 28-42,CR0 3SZ
Renown Close 43-63,CR0 3SD
Richmond Road,CR5 2PH
Rickman Hill,CR5 3DP
Ripley Close,CR0 0RP
Ritchie Road,CR0 7AU
Rochford Way,CR0 3AG
Roden Gardens 1-23,CR0 2DQ
Roden Gardens 2-28,CR0 2DQ
Roden Gardens 25-39,CR0 2DQ
Rodney Close 1-18,CR0 3RX
Rodney Close 19-33,CR0 3RX
Roffey Close,CR8 4BH
Roke Close,CR8 5NL
Roke Road,CR8 5NF
Rolleston Road,CR2 0PT
Rosedene Avenue,CR0 3DN
Rowdown Crescent,CR0 0HQ
Rushden Close 1-6,SE19 3QB
Rushden Close 7-12,SE19 3QB
Ruskin Road 13-18,CR0 1XJ
Ruskin Road 19-24,CR0 1XJ
Ruskin Road 31-42,CR0 1XJ
Russell Hill Road,CR8 2LF
Rusthall Close 12-17,CR0 7YH
Rydal Close 1-4,CR8 1HP
Rydal Close 5-8,CR8 1HP
Rydal Close 9-12,CR8 1HP
Rymer Road,CR0 6EE
Salcot Crescent 11A-11F,CR0 0JJ
Salem Place 19-21A,CR0 1AQ
Salisbury Road,SE25 5DU
Sanderstead Road,CR2 0PE
Sandfield Road 18-22A,CR7 8AW
Sandfield Road 35A-35B,CR7 8AW
Sandown Road,SE25 4XE
Sangley Road 57A-57B,SE25 6QX
Selhurst Place 20-42,SE25 5PY
Selhurst Place 44-58,SE25 5PY
Selhurst Place 60-66,SE25 5PY
Selhurst Road 168-168E,SE25 6LY
Selhurst Road 170-170E,SE25 5QD
Selhurst Road 170F-170L,SE25 6LZ
Selhurst Road 60-76,SE25 5QD
Selsdon Crescent,CR2 8NA
Selsdon Park Road 1-12,CR2 8JE
Selsdon Road 279-289,CR2 6PS
Sevenoaks House,SE25 4ET
Shannon,CR5 3BT
Shaxton Crescent,CR0 0NW
Shepherds Way 1-23,CR2 8HS
Shepherds Way 53A-53H,CR2 8HS
Shoreham Close 16-21,CR0 7YJ
Shoreham Close 22-27,CR0 7YJ
Shoreham Close 28-33,CR0 7YJ
Shoreham Close 40-45,CR0 7YJ
Shoreham Close 6-11,CR0 7YJ
Shrublands Avenue 118-140,CR0 8JB
Shrublands Avenue 1-23,CR0 8JD
Shrublands Avenue 142-152,CR0 8JE
Shrublands Avenue 154-176,CR0 8JB
Shrublands Avenue 182-188,CR0 8JB
Shrublands Avenue 202-212,CR0 8JE
Shrublands Avenue 214-244,CR0 8JE
Shrublands Avenue 246-276,CR0 8JF
Shrublands Avenue 29-39,CR0 8JD
Shrublands Avenue 40-54,CR0 8JA
Shrublands Avenue 41-51,CR0 8JD
Shrublands Avenue 53-63,CR0 8JD
Shrublands Avenue 56-70,CR0 8JA
Shrublands Avenue 65-75,CR0 8JD
Shrublands Avenue 72-86,CR0 8JA
Shrublands Avenue 88-102,CR0 8JA
Shrublands Avenue Flats 1-6,CR0 8JE
Silverleigh Road,CR7 6DW
Singleton Close 1-6,CR0 2TS
Singleton Close 22-27,CR0 2TS
Singleton Close 28-31,CR0 2TS
Skid Hill Lane,CR6 9PP
Smock Walk,CR0 2UP
Somerton Close,CR8 4BA
Sonning Road,SE25 5HD
South Drive 36-42,CR5 2BG
South Drive 39-45,CR5 2BJ
South Drive 44-50,CR5 2BJ
South Drive 52-58,CR5 2BG
South End 25A,CR0 1BE
South End 27A,CR0 1BE
South End 29A,CR0 1BE
South End 31A,CR0 1BE
South End 35A-B,CR0 1BE
South Norwood Hill 182-188A,SE25 6AB
South Norwood Hill 190-196A,SE25 6AS
South Norwood Hill 198-204A,SE25 6AB
Southbank Flats 1 - 9,SE19 3BU
Southbridge Road 58A-58B,CR0 1AE
Southlands Close 1-41,CR5 2HW
Southsea Court 1-41,CR0 3TB
Spa Hill,SE19 3TW
Spencer Road 1-6,CR2 7EH
Spring Lane 10-30,SE25 4SU
Spring Lane 35-35A,SE25 4SU
Spring Lane Block 35-35A,SE25 4SP
Squire Court 1-20,CR0 6NA
"St Augustines Avenue, Flats 1-4",CR2 6JP
"St Georges Court 1-29, A-B",SE20 8TJ
St James'S Road 27-29B,CR0 2UG
St James'S Road 78-110,CR0 2UG
St Marks Road 13-18,SE25 4UH
St Marks Road 1-6,SE25 4UH
St Marks Road 7-12,SE25 4UH
St Peters Street,CR2 7DJ
St Saviours Road 64A-66C,CR0 2XB
St Saviours Road 68-68B,CR0 3LR
Stafford Road,CR0 4NF
Stanford Road,SW16 4QR
Stanley Close,CR5 2LN
Stanley Gardens,CR2 9AH
"Stanley Gardens, Borough Grange",
Stanley Grove,CR0 3QU
Stanley Road 35-39B,CR0 3QE
Stanley Road 41-43B,CR0 3QE
Stapleton Gardens,CR0 4DS
Station Approach Road,CR5 2NS
Stoats Nest Road 1-4,CR5 2JD
Stoats Nest Village,CR5 2JL
Stockbury Road 1-6,CR0 7YA
Stockbury Road 52-62,CR0 7YB
Stowell Avenue 11-17,CR0 0ES
Stowell Avenue 19-25,CR0 0ES
Stowell Avenue 27-33,CR0 0ES
Strathmore Road 1-11,CR0 2JP
Strathmore Road 51-73,CR0 2JP
Strathyre Avenue,SW16 4RG
Stroud Green Gardens 1-63,CR0 7BG
Stroud Green Gardens 2-20,CR0 7BG
Stroud Green Gardens 65-127,CR0 7BG
Stroud Green Way 2-4A,CR0 7BA
Stroud Green Way 6-8A,CR0 7BA
Summer Gardens ,CR0 6NX
Sumner Gardens 1-12,CR0 3LP
Sumner Gardens 13-28,CR0 3LP
Sumner Road South 147-149,CR0 3LY
Sumner Road South 155-157,CR0 3LY
Sumner Road South 162-164,CR0 3LY
Sumner Road South 170-172,CR0 3LY
Sumner Road South 179-181,CR0 3LY
Sumner Road South 187-189,CR0 3LY
Sunny Bank 1-2B,SE25 4TF
Sunny Bank 3-4B,SE25 4TF
Sunny Bank 5-6B,SE25 4TF
Sunny Bank 7-8B,SE25 4TF
Surridge Gardens 10-12,SE19 3JP
Surridge Gardens 1-3,SE19 3JP
Surridge Gardens 2-4,SE19 3JP
Surridge Gardens 9-11,SE19 3JP
Sutherland Road,CR0 3QJ
Swinburne Crescent,CR0 7BZ
Sydenham Road,SE26 5HF
Sylvan Hill 22-40,SE19 2QD
Sylvan Hill 42-52,SE19 2QD
Sylvan Hill 54-64,SE19 2QD
Sylvan Hill 66-76,SE19 2QD
Sylvan Hill 78-88,SE19 2QD
Tamworth Road 1-22,CR0 1XT
Tamworth Road 23-25,CR0 1XT
Tanfield Road,CR0 1AN
Taunton Lane,CR5 1SA
Tavistock Road,CR0 2AL
Tedder Road 14-24A,CR2 8AL
Tedder Road 159-169,CR2 8AL
Tedder Road 2-12,CR2 8AN
Tedder Road 26-48,CR2 8AL
Tedder Road 3A-3B,CR2 8AL
Tedder Road 51-61,CR2 8AR
Tedder Road 63-73,CR2 8AR
Tedder Road 82-126,CR2 8AR
Teevan Road,CR0 6RP
Templeman Close 1-4,CR8 4BX
Templeman Close 5-10,CR8 4BX
The Bungalow,CR0 5RE
The Coppins 37-48,CR0 9DF
The Coppins 49-60,CR0 9DF
The Coppins 61-72,CR0 9DF
The Coppins 73-84,CR0 9DF
"The Crescent 49-55, 57(1-8), 59-63",CR0 2HP
The Crossways,CR5 1LD
The Drive,CR7 8LB
The Elms 1-8,CR0 2AL
The Elms 9-19,CR0 2AL
"The Glade 2-14, 204, 224, 228, 232",CR0 7UG
"The Glade 234, 246, 252",CR0 7UJ
The Glade 271,CR0 7UP
The Glade 275,CR0 7UQ
The Glade 87 - 190,CR5 1SS
The Lawns 36-46,SE19 3TR
The Lawns 47-93,SE19 3TR
The Lawns 7-17,SE19 3TR
The Lindens 81-88,CR0 9EL
The Parade,CR0 3HL
The Waldrons,CR0 4AX
The Willows,CR0 8TH
The Woodfields,CR2 0HJ
Theobald Road,CR0 3RN
Therapia Lane,CR0 3DH
Thirsk Road,SE25 6QF
Thistlewood Crescent,CR0 0AR
Thomson Crescent,CR0 3JT
Thorncroft Close,CR5 1QH
Thorneloe Gardens 26-28A,CR0 4EX
Thorneloe Gardens 38-44,CR0 4EN
Thorneloe Gardens 46-60,CR0 4EN
Thorneloe Gardens 62-68,CR0 4EN
Thorneloe Gardens 6-8A,CR0 4EX
Thorneloe Gardens 76-82,CR0 4EP
Thornhill Road 6-6A,CR0 2XZ
Thorpe Close 16-22,CR0 0SG
Thorpe Close 1-7,CR0 0SF
Thorpe Close 25-39,CR0 0SF
Thorpe Close 44-58,CR0 0SG
Thorpe Close 60-74,CR0 0SG
Thorpe Close 8-14,CR0 0SG
Thorpe Close 9-23,CR0 0SF
Thursley Crescent 75-97,CR0 0PR
Tilford Avenue 1-11,CR0 0QS
Tirrell Road 1-11,CR0 2XD
Tithepit Shaw Lane 227-233,CR6 9AW
Toldene Court,CR5 1BD
Tollers Lane,CR5 1BD
Tonbridge House,SE25 4EU
Torrington Square 1-8,CR0 2BT
Torrington Square 21-28,CR0 2BT
Torrington Square 33-44,CR0 2BT
Totton Road 29-57,CR7 7QS
Trafford Road,CR7 6DQ
Trellis Mews 1-6,SE25 4FP
Trellis Mews 7-12,SE25 4FP
Treloar Gardens 10-12,SE19 3JR
Treloar Gardens 2-4,SE19 3JR
Truscott House,CR0 3QU
Tunstall Road,CR0 6TY
Tylecroft Road,SW16 4BQ
Underwood 10-17,CR0 9ED
Underwood 39-46,CR0 9ED
Underwood 76-83,CR0 9EH
Upton Road,CR7 8PR
Uvedale Close,CR0 0BT
Uvedale Crescent,CR0 0BP
Valley Road,CR5 3BB
Valley Road 51-57,CR8 5BY
Valley View Gardens,CR8 5BR
Vanguard Close 1-12,CR0 3RS
Vanguard Close 13-30,CR0 3RS
Vanguard Close 31-42,CR0 3RS
Vanguard Close 43-63,CR0 3RS
Vanguard Close 64-78,CR0 3RS
Vermont Road 10-32,SE19 3SR
Violet Gardens,CR0 4HT
Violet Lane,CR2 9AL
Violet Lane 1-24,CR0 4HX
Violet Lane 1-32,CR0 4HD
Violet Lane 1-44,CR0 4HH
Waddington Avenue 11-17,CR5 1QG
Waddington Avenue 19-25,CR5 1QG
Waddington Avenue 27-33,CR5 1QG
Waddington Avenue 35-41,CR5 1QG
Waddington Avenue 43-49,CR5 1QG
Waddington Avenue 51-57,CR5 1QD
Waddington Avenue 59-65,CR5 1QG
Waddon Court Road,CR0 4AG
Waddon New Road 1-2,CR0 4JE
Waddon Road,CR0 4JH
Waddon Way,CR0 4HU
Walker Close,CR0 0EN
Walsh Crescent,CR0 0BX
Walsingham Road,CR0 0HH
Walton Green 104-126,CR0 0TW
Walton Green 109-135,CR0 0TZ
Walton Green 1-23,CR0 0TY
Walton Green 137-163,CR0 0TZ
Walton Green 18-40,CR0 0TU
Walton Green 25-57,CR0 0TY
Walton Green 42-64,CR0 0TU
Walton Green 67-89,CR0 0TY
Walton Green 80-102,CR0 0TW
Warbank Close,CR0 0AX
Warbank Crescent 111-129,CR0 0AZ
Warbank Crescent 131-149,CR0 0AS
Warbank Crescent 31-49,CR0 0AY
Warbank Crescent 51-69,CR0 0AY
Warbank Crescent 71-89,CR0 0AS
Warbank Crescent 91-109,CR0 0AZ
Warminster Gardens 1-14,SE25 4DN
Warminster Gardens 15-24,SE25 4DN
Warminster Gardens 25-30,SE25 4DN
Warminster Road 9-11D,SE25 4DP
Warren Avenue 41-63,CR2 8HY
Warren Avenue 65-87,CR2 8HY
Warren Court,CR0 6PL
Warren Road,CR0 6PL
Warrington Road,CR0 4BH
Watermead Court,SE25 6NF
Weldon Court 1-12,CR7 7JT
Weldon Court 13-22,CR7 7JB
Wentworth Way 132-134,CR2 9ET
Wentworth Way 136-138,CR2 9ET
Wentworth Way 140-142,CR2 9ET
Wentworth Way 144-146,CR2 9ET
Westbourne Road,CR0 6HQ
Westbury Road,CR0 2ES
Westcombe Avenue,CR0 3DA
Westcott Close,CR0 0TX
Westleigh Avenue,CR5 3AA
Westminster Avenue,CR7 8BS
Westminster Avenue 21-23,CR7 8BS
Westminster Avenue 26-28,CR7 8BR
Westminster Avenue 29-31,CR7 8BS
Westminster Avenue 33-35,CR7 8BS
Westminster Avenue 34-36,CR7 8BR
Westminster Avenue 38-40,CR7 8BR
Westminster Avenue 41-43,CR7 8BS
Westminster Avenue 46-48,CR7 8BS
Weston Close,CR5 1BX
Westow Street,SE19 3RY
Whitefield Avenue,CR8 4BP
Whitefield House 1-12,CR8 4BP
Whitehorse Road 30-40,CR0 2JD
Whitehorse Road 42-58,CR0 2JD
Whitehorse Road 60-76,CR0 2JD
Whitehorse Road 78-94,CR0 2JB
Whitehorse Road 96-100A,CR0 2JB
Whitworth Road 1-4,SE25 6XN
Whitworth Road 84-112,SE25 6XL
Whytecliffe Road North,CR8 2AS
Wickham Road,CR0 8TF
Williams Terrace,CR0 4HZ
Wiltshire Road,CR7 7QP
Wimborne House,CR0 7TR
Wimborne House,SE19 3JH
Winchet Walk 11-14,CR0 7YL
Winchet Walk 15-18,CR0 7TL
Winchet Walk 19-22,CR0 7YL
Winchet Walk 23-26,CR0 7YL
Winchet Walk 3-6,CR0 7YL
Winchet Walk 7-10,CR0 7YL
Windham Avenue,CR0 0HU
Windmill Bridge House,CR0 6PB
Windmill Grove 1-11,CR0 2XL
Windmill Grove 13-15,CR0 2XL
Windmill Grove 17-27,CR0 2XL
Windmill Grove 29-35,CR0 2XL
Windmill Road,CR0 2XS
Windsor Road 100-102,CR7 8HF
Windsor Road 107-113,CR7 8HJ
Windsor Road 108-110,CR7 8HF
Windsor Road 112-118,CR7 8HF
Windsor Road 120-122,CR7 8HF
Windsor Road 128-130,CR7 8HF
Windsor Road 68-70,CR7 8HF
Windsor Road 76-78,CR7 8HF
Windsor Road 80-86,CR7 8HF
Windsor Road 83-89,CR7 8HJ
Windsor Road 88-90,CR7 8HF
Windsor Road 91-97,CR7 8HJ
Windsor Road 96-98,CR7 8HF
Windsor Road 99-101,CR7 8HJ
Wingate Crescent 34A 1-4,CR0 3AL
Wingate Crescent 34B 1-4,CR0 3AL
Wingate Crescent 71-133,CR0 3AN
Wingate Crescent 7-69,CR0 3AN
Winifred Road,CR5 3JB
Winterbourne Road 30,CR7 7Q
Winterbourne Road 65,CR7 7QX
Wisbeach Road 1-7B,CR0 2LZ
Wisbeach Road 22-32,CR0 2LY
Wisbeach Road 9-19B,CR0 2LZ
Witley Crescent,CR0 0RQ
Wolsey Crescent 46,CR0 0PE
Wolsey Crescent 67-73,CR0 0PJ
Wolsey Crescent 9,CR0 0PG
Wontford Road (Evens),CR8 4BL
Wontford Road (Odds),CR8 4BE
Wontford Road 45-47,CR8 4BF
Woodcote Grove Road,CR5 2AG
Wooderson Close,SE25 6PJ
Woodlands Grove 59-65,CR5 3AP
Woodlands Grove 67-73,CR5 3AP
Woodlands Grove 75-81,CR5 3AP
Woodside Court Road,CR0 6RU
Woodside Green,SE25 5HY
Woodside Way,CR0 7AT
Woodview Close,CR2 9BD
Woodville Road 48-62A,CR7 8LJ
York Road,CR0 3QT
Zion Road,CR7 8RJ
