"id","type","status","submitted_at","created_at","inspector_name","inspector_id","estate_name","block_name","location_label","title","source","description"
"1ca2614a-d7ea-46dc-a3eb-f28b58f4d524","inspection","submitted","Wed May 27 2026 17:44:51 GMT+0100 (British Summer Time)","Wed May 27 2026 17:44:47 GMT+0100 (British Summer Time)","Sue Edgerley","sue.edgerley@croydon.gov.uk",,"Academy Gardens 1-61",,"Caretaker Inspection",,
"278271f4-8ef7-4e07-8414-19ee62166bfc","inspection","submitted","Wed May 27 2026 16:04:22 GMT+0100 (British Summer Time)","Wed May 27 2026 16:04:13 GMT+0100 (British Summer Time)","Sue Edgerley","sue.edgerley@croydon.gov.uk",,"Academy Gardens 1-61",,"Caretaker Inspection",,
"f43dcfa8-0b6f-4591-909d-6d5ad3288f46","inspection","submitted","Wed May 27 2026 16:01:43 GMT+0100 (British Summer Time)","Wed May 27 2026 16:01:42 GMT+0100 (British Summer Time)","Sue Edgerley","sue.edgerley@croydon.gov.uk",,"Abbey Court 1-4 & 6-12",,"Caretaker Inspection",,"[Caretaker scope:{""mode"":""specific_task"",""sectionId"":""cm_canonical_internal_cleaning_section"",""sectionTitle"":""1. Internal Cleaning - Cleaning completed for ..."",""scopeTitle"":""Refuse Chutes/Bin Chambers"",""questionId"":""cm_canonical_internal_cleaning_q11""}]"
"cb91d78c-ee77-4b40-9d34-1eba6b3a0153","inspection","submitted","Wed May 27 2026 16:01:24 GMT+0100 (British Summer Time)","Wed May 27 2026 16:01:14 GMT+0100 (British Summer Time)","Sue Edgerley","sue.edgerley@croydon.gov.uk",,"Abbey Court 1-4 & 6-12",,"Caretaker Inspection",,"[Caretaker scope:{""mode"":""specific_task"",""sectionId"":""cm_canonical_internal_cleaning_section"",""sectionTitle"":""1. Internal Cleaning - Cleaning completed for ..."",""scopeTitle"":""Refuse Chutes/Bin Chambers"",""questionId"":""cm_canonical_internal_cleaning_q11""}]"
"e42142f5-3e31-4619-9484-79ce1a06281a","inspection","submitted","Wed May 27 2026 12:14:38 GMT+0100 (British Summer Time)","Wed May 27 2026 12:14:37 GMT+0100 (British Summer Time)","Sue Edgerley","sue.edgerley@croydon.gov.uk",,"Academy Gardens 1-61",,"Caretaker Inspection",,"[Caretaker scope:{""mode"":""specific_task"",""sectionId"":""cm_canonical_internal_cleaning_section"",""sectionTitle"":""1. Internal Cleaning - Cleaning completed for ..."",""scopeTitle"":""Refuse Chutes/Bin Chambers"",""questionId"":""cm_canonical_internal_cleaning_q11""}]"
"6012de80-8e87-410e-bcca-101db9be2e9f","inspection","submitted","Mon May 25 2026 08:28:44 GMT+0100 (British Summer Time)","Mon May 25 2026 08:28:43 GMT+0100 (British Summer Time)","Sue Edgerley","sue.edgerley@croydon.gov.uk",,"Academy Gardens 125-147",,"Caretaker Inspection",,"[Caretaker scope:{""mode"":""specific_task"",""sectionId"":""cm_canonical_internal_cleaning_section"",""sectionTitle"":""1. Internal Cleaning - Cleaning completed for ..."",""scopeTitle"":""Refuse Chutes/Bin Chambers"",""questionId"":""cm_canonical_internal_cleaning_q11""}]"
"856b52eb-d7ea-4c2e-b35b-2304da0aad77","inspection","submitted","Sun May 24 2026 20:22:42 GMT+0100 (British Summer Time)","Sun May 24 2026 20:22:41 GMT+0100 (British Summer Time)","Sue Edgerley","sue.edgerley@croydon.gov.uk",,"Academy Gardens 1-61",,"Caretaker Inspection",,"[Caretaker scope:{""mode"":""specific_task"",""sectionId"":""cm_canonical_pest_control_section"",""sectionTitle"":""3. Pest Control""}]"
"b7109642-128b-4b50-a621-03ccbd801de8","inspection","submitted","Sun May 24 2026 20:18:44 GMT+0100 (British Summer Time)","Sun May 24 2026 20:18:44 GMT+0100 (British Summer Time)","Sue Edgerley","sue.edgerley@croydon.gov.uk",,"Academy Gardens 1-61",,"Caretaker Inspection",,"[Caretaker scope:{""mode"":""specific_task"",""sectionId"":""cm_canonical_fire_safety_section"",""sectionTitle"":""6. Fire Safety""}]"
"6b1b9591-4343-42a9-9a91-57ac9be063e5","inspection","submitted","Sun May 24 2026 20:17:21 GMT+0100 (British Summer Time)","Sun May 24 2026 20:17:20 GMT+0100 (British Summer Time)","Sue Edgerley","sue.edgerley@croydon.gov.uk",,"Academy Gardens 125-147",,"Caretaker Inspection",,"[Caretaker scope:{""mode"":""specific_task"",""sectionId"":""cm_canonical_pest_control_section"",""sectionTitle"":""3. Pest Control""}]"
"d587be14-7e99-4aa8-9cf6-09e037328a1b","inspection","submitted","Sun May 24 2026 20:14:38 GMT+0100 (British Summer Time)","Sun May 24 2026 20:14:37 GMT+0100 (British Summer Time)","Sue Edgerley","sue.edgerley@croydon.gov.uk",,"Albert Road 91-95A",,"Caretaker Inspection",,"[Caretaker scope:{""mode"":""specific_task"",""sectionId"":""cm_canonical_internal_cleaning_section"",""sectionTitle"":""1. Internal Cleaning - Cleaning completed for ..."",""scopeTitle"":""Refuse Chutes/Bin Chambers"",""questionId"":""cm_canonical_internal_cleaning_q11""}]"
"13ca2873-1699-4184-9d93-f7fa36cdec6a","inspection","submitted","Sun May 24 2026 20:05:35 GMT+0100 (British Summer Time)","Sun May 24 2026 20:05:34 GMT+0100 (British Summer Time)","Sue Edgerley","sue.edgerley@croydon.gov.uk",,"Academy Gardens 125-147",,"Caretaker Inspection",,"[Caretaker scope:{""mode"":""specific_task"",""sectionId"":""cm_canonical_internal_cleaning_section"",""sectionTitle"":""1. Internal Cleaning - Cleaning completed for ..."",""scopeTitle"":""Refuse Chutes/Bin Chambers"",""questionId"":""cm_canonical_internal_cleaning_q11""}]"
"ccc34736-9d74-4774-aa4b-cadb369e6682","inspection","submitted","Sun May 24 2026 19:57:45 GMT+0100 (British Summer Time)","Sun May 24 2026 19:57:44 GMT+0100 (British Summer Time)","Sue Edgerley","sue.edgerley@croydon.gov.uk",,"Academy Gardens 63-123",,"Caretaker Inspection",,"[Caretaker scope:{""mode"":""specific_task"",""sectionId"":""cm_canonical_external_cleaning_section"",""sectionTitle"":""2. External Cleaning - Cleaning completed for ...""}]"
"fcc61206-f356-4fc2-989c-64a1fc629b6f","inspection","submitted","Sun May 24 2026 19:50:37 GMT+0100 (British Summer Time)","Sun May 24 2026 19:50:36 GMT+0100 (British Summer Time)","Sue Edgerley","sue.edgerley@croydon.gov.uk",,"Abbey Court 1-4 & 6-12",,"Caretaker Inspection",,"[Caretaker scope:{""mode"":""specific_task"",""sectionId"":""cm_canonical_internal_cleaning_section"",""sectionTitle"":""1. Internal Cleaning - Cleaning completed for ..."",""scopeTitle"":""Refuse Chutes/Bin Chambers"",""questionId"":""cm_canonical_internal_cleaning_q11""}]

klmlm"
"1df23d02-5700-473b-ad18-a709f73157a5","inspection","submitted","Sun May 24 2026 18:44:05 GMT+0100 (British Summer Time)","Sun May 24 2026 18:44:04 GMT+0100 (British Summer Time)","Sue Edgerley","sue.edgerley@croydon.gov.uk",,"Abbey Court 1-4 & 6-12",,"Caretaker Inspection",,
"5f2ca5ad-67e9-4eb9-804d-82684aa2f527","inspection","submitted","Fri May 22 2026 21:45:24 GMT+0100 (British Summer Time)","Fri May 22 2026 21:45:23 GMT+0100 (British Summer Time)","Sue Edgerley","sue.edgerley@croydon.gov.uk",,"Academy Gardens 125-147",,"Caretaker Inspection",,"[Caretaker scope:{""mode"":""specific_task"",""sectionId"":""cm_canonical_internal_cleaning_section"",""sectionTitle"":""1. Internal Cleaning - Cleaning completed for ..."",""scopeTitle"":""Refuse Chutes/Bin Chambers"",""questionId"":""cm_canonical_internal_cleaning_q11""}]

Test"
"73b9ca50-9600-4fec-830c-d39608f5d049","inspection","submitted","Fri May 22 2026 21:34:34 GMT+0100 (British Summer Time)","Fri May 22 2026 21:34:33 GMT+0100 (British Summer Time)","Sue Edgerley","sue.edgerley@croydon.gov.uk",,"Academy Gardens 125-147",,"Caretaker Inspection",,"[Caretaker scope:{""mode"":""specific_task"",""sectionId"":""cm_canonical_asb_section"",""sectionTitle"":""4. ASB""}]"
"e010522f-568e-46e8-9068-3ca2164005d7","inspection","submitted","Fri May 22 2026 21:00:28 GMT+0100 (British Summer Time)","Fri May 22 2026 21:00:28 GMT+0100 (British Summer Time)","Sue Edgerley","sue.edgerley@croydon.gov.uk",,"Beckford Road 70-76",,"Caretaker Inspection",,"[Caretaker scope:{""mode"":""specific_task"",""sectionId"":""cm_canonical_fire_safety_section"",""sectionTitle"":""6. Fire Safety""}]"
"347d73a9-e5d5-4034-8b22-f4c4eacf306c","inspection","submitted","Fri May 22 2026 20:56:14 GMT+0100 (British Summer Time)","Fri May 22 2026 20:56:13 GMT+0100 (British Summer Time)","Sue Edgerley","sue.edgerley@croydon.gov.uk",,"Academy Gardens 125-147",,"Caretaker Inspection",,"[Caretaker scope:{""mode"":""specific_task"",""sectionId"":""cm_canonical_external_cleaning_section"",""sectionTitle"":""2. External Cleaning - Cleaning completed for ...""}]"
"f88c1ec1-4f87-48dd-ad43-ddcd40335846","inspection","submitted","Fri May 22 2026 20:36:13 GMT+0100 (British Summer Time)","Fri May 22 2026 20:36:12 GMT+0100 (British Summer Time)","Sue Edgerley","sue.edgerley@croydon.gov.uk",,"Academy Gardens 34-48",,"Caretaker Inspection",,"[Caretaker scope:{""mode"":""specific_task"",""sectionId"":""cm_canonical_external_cleaning_section"",""sectionTitle"":""2. External Cleaning - Cleaning completed for ...""}]"
"8e9ef77d-4be6-4906-9e12-9b8b6018696d","inspection","submitted","Fri May 22 2026 20:31:31 GMT+0100 (British Summer Time)","Fri May 22 2026 20:31:31 GMT+0100 (British Summer Time)","Sue Edgerley","sue.edgerley@croydon.gov.uk",,"Ashburton Memorial Homes",,"Caretaker Inspection",,
"0ce49ca4-dc66-46c0-8f54-8e9bbdd997da","inspection","submitted","Fri May 22 2026 20:25:31 GMT+0100 (British Summer Time)","Fri May 22 2026 20:25:28 GMT+0100 (British Summer Time)","Sue Edgerley","sue.edgerley@croydon.gov.uk",,"Abbey Court 1-4 & 6-12",,"Caretaker Inspection",,
"db21c05a-d74c-4b3b-9ef2-bfe8f9f34ce7","inspection","submitted","Fri May 22 2026 20:12:30 GMT+0100 (British Summer Time)","Fri May 22 2026 20:12:29 GMT+0100 (British Summer Time)","Sue Edgerley","sue.edgerley@croydon.gov.uk",,"Abbey Court 1-4 & 6-12",,"Caretaker Inspection",,"[Caretaker scope:{""mode"":""specific_task"",""sectionId"":""cm_canonical_pest_control_section"",""sectionTitle"":""3. Pest Control""}]"
"51eef2e5-14e7-41f6-956a-dbf62aafcc22","inspection","submitted","Fri May 22 2026 20:10:31 GMT+0100 (British Summer Time)","Fri May 22 2026 20:10:31 GMT+0100 (British Summer Time)","Sue Edgerley","sue.edgerley@croydon.gov.uk",,"Abbey Court 1-4 & 6-12",,"Caretaker Inspection",,"[Caretaker scope:{""mode"":""specific_task"",""sectionId"":""cm_canonical_fire_safety_section"",""sectionTitle"":""6. Fire Safety""}]"
"3343b7d5-c6b2-4ed1-abb3-f9ebc12f84b6","inspection","submitted","Fri May 22 2026 20:07:04 GMT+0100 (British Summer Time)","Fri May 22 2026 20:07:03 GMT+0100 (British Summer Time)","Sue Edgerley","sue.edgerley@croydon.gov.uk",,"Abbey Court 1-4 & 6-12",,"Caretaker Inspection",,"[Caretaker scope:{""mode"":""specific_task"",""sectionId"":""cm_canonical_internal_cleaning_section"",""sectionTitle"":""1. Internal Cleaning - Cleaning completed for ...""}]"
"a57a4f42-551b-40e8-9a78-61ad7c496c0f","inspection","submitted","Fri May 22 2026 19:52:11 GMT+0100 (British Summer Time)","Fri May 22 2026 19:52:10 GMT+0100 (British Summer Time)","Sue Edgerley","sue.edgerley@croydon.gov.uk",,"Academy Gardens 1-61",,"Caretaker Inspection",,"[Caretaker scope:{""mode"":""specific_task"",""sectionId"":""cm_canonical_external_cleaning_section"",""sectionTitle"":""2. External Cleaning - Cleaning completed for ...""}]"
"56f51498-57ec-4139-aee2-d8501d0c10a4","inspection","submitted","Fri May 22 2026 19:45:31 GMT+0100 (British Summer Time)","Fri May 22 2026 19:45:31 GMT+0100 (British Summer Time)","Sue Edgerley","sue.edgerley@croydon.gov.uk",,"Academy Gardens 125-147",,"Caretaker Inspection",,"[Caretaker scope:{""mode"":""specific_task"",""sectionId"":""cm_canonical_pest_control_section"",""sectionTitle"":""3. Pest Control""}]"
"0c3ef730-1aac-4cf9-a79f-cbbe73704ea5","inspection","submitted","Fri May 22 2026 18:55:01 GMT+0100 (British Summer Time)","Fri May 22 2026 18:55:00 GMT+0100 (British Summer Time)","Sue Edgerley","sue.edgerley@croydon.gov.uk",,"Academy Gardens 125-147",,"Caretaker Inspection",,
"30b651d2-79bd-40d2-b121-d74818f665b4","inspection","submitted","Fri May 22 2026 18:53:08 GMT+0100 (British Summer Time)","Fri May 22 2026 18:53:07 GMT+0100 (British Summer Time)","Sue Edgerley","sue.edgerley@croydon.gov.uk",,"Academy Gardens 125-147",,"Caretaker Inspection",,
"a4ae4bee-66cc-4b58-8512-838513e9f6e8","inspection","submitted","Fri May 22 2026 15:14:36 GMT+0100 (British Summer Time)","Fri May 22 2026 15:14:35 GMT+0100 (British Summer Time)","Sue Edgerley","sue.edgerley@croydon.gov.uk",,"Academy Gardens 125-147",,"ESM Inspection Form",,
"d20abaf8-b8ad-4a30-9e95-e15ce3239f9c","inspection","draft",,"Wed May 20 2026 15:59:35 GMT+0100 (British Summer Time)","Sue Edgerley","sue.edgerley@croydon.gov.uk",,,,"Neighbourhood Voice",,
"34983940-e389-4034-8377-74f7fdd3ad66","estate_walkabout","submitted","Wed May 20 2026 15:49:01 GMT+0100 (British Summer Time)","Wed May 20 2026 15:49:00 GMT+0100 (British Summer Time)","Sue Edgerley","sue.edgerley@croydon.gov.uk",,"Waddington Avenue 11-17",,"Estate Walkabout",,
"2a15964a-9d67-4280-8222-407de7d46d07","inspection","submitted","Wed May 13 2026 14:12:32 GMT+0100 (British Summer Time)","Wed May 13 2026 14:12:31 GMT+0100 (British Summer Time)","Sue Edgerley","sue.edgerley@croydon.gov.uk",,"Academy Gardens 34-48",,"Grounds Maintenance",,
"60ff74e8-c8a6-4447-84bb-2634ebabf6c3","inspection","submitted","Wed May 13 2026 14:09:02 GMT+0100 (British Summer Time)","Wed May 13 2026 14:09:01 GMT+0100 (British Summer Time)","Sue Edgerley","sue.edgerley@croydon.gov.uk",,"Academy Gardens 1-61",,"Grounds Maintenance",,
"87113396-6809-45c9-852c-e6bc2a3a4b34","inspection","submitted","Wed May 13 2026 14:06:07 GMT+0100 (British Summer Time)","Wed May 13 2026 14:06:06 GMT+0100 (British Summer Time)","Sue Edgerley","sue.edgerley@croydon.gov.uk",,"Academy Gardens 125-147",,"Grounds Maintenance",,
"55afba8a-97aa-4c52-a25c-f16b0b337ce6","inspection","submitted","Wed May 13 2026 14:05:22 GMT+0100 (British Summer Time)","Wed May 13 2026 14:05:21 GMT+0100 (British Summer Time)","Sue Edgerley","sue.edgerley@croydon.gov.uk",,"Academy Gardens 125-147",,"Grounds Maintenance",,
"af58182a-386a-4a40-9ed5-9ea6bba24dc4","inspection","submitted","Wed May 13 2026 14:04:47 GMT+0100 (British Summer Time)","Wed May 13 2026 14:04:46 GMT+0100 (British Summer Time)","Sue Edgerley","sue.edgerley@croydon.gov.uk",,"Academy Gardens 125-147",,"Grounds Maintenance",,
"f89ac40b-50bc-45c9-bc46-dc1f7ed24cf6","inspection","submitted","Wed May 13 2026 13:55:22 GMT+0100 (British Summer Time)","Wed May 13 2026 13:55:22 GMT+0100 (British Summer Time)","Sue Edgerley","sue.edgerley@croydon.gov.uk",,"Academy Gardens 62-84",,"Grounds Maintenance",,
"49778b36-6e26-4443-8509-d5abbd96a014","inspection","submitted","Wed May 13 2026 13:52:40 GMT+0100 (British Summer Time)","Wed May 13 2026 13:52:39 GMT+0100 (British Summer Time)","Sue Edgerley","sue.edgerley@croydon.gov.uk",,"Academy Gardens 62-84",,"Grounds Maintenance",,
"8481c3ef-f52a-461b-bf36-5ae38c53795a","inspection","submitted","Wed May 13 2026 13:43:43 GMT+0100 (British Summer Time)","Wed May 13 2026 13:43:40 GMT+0100 (British Summer Time)","Sue Edgerley","sue.edgerley@croydon.gov.uk",,"Academy Gardens 34-48",,"Grounds Maintenance",,
"d0a80a57-ce53-4c42-acae-9334c4f5102d","inspection","submitted","Wed May 13 2026 13:39:28 GMT+0100 (British Summer Time)","Wed May 13 2026 13:39:27 GMT+0100 (British Summer Time)","Sue Edgerley","sue.edgerley@croydon.gov.uk",,"Academy Gardens 125-147",,"Grounds Maintenance",,
"9372b4ac-c20d-4e32-b987-5d8b8cadce30","inspection","submitted","Wed May 13 2026 13:28:03 GMT+0100 (British Summer Time)","Wed May 13 2026 13:28:02 GMT+0100 (British Summer Time)","Sue Edgerley","sue.edgerley@croydon.gov.uk",,"Academy Gardens 125-147",,"Grounds Maintenance",,
"dee5d037-3666-4597-b706-c3f0a4080b15","inspection","submitted","Wed May 13 2026 13:21:47 GMT+0100 (British Summer Time)","Wed May 13 2026 13:21:46 GMT+0100 (British Summer Time)","Sue Edgerley","sue.edgerley@croydon.gov.uk",,"Academy Gardens 34-48",,"Grounds Maintenance",,
"60c6eadb-c522-404a-8dca-9eff11caaba1","inspection","submitted","Wed May 13 2026 13:17:50 GMT+0100 (British Summer Time)","Wed May 13 2026 13:17:49 GMT+0100 (British Summer Time)","Sue Edgerley","sue.edgerley@croydon.gov.uk",,"Addison Road 77-87",,"ESM Inspection Form",,
"e3129565-aa7e-47ea-8296-5edb740d5339","inspection","submitted","Wed May 13 2026 13:13:10 GMT+0100 (British Summer Time)","Wed May 13 2026 13:13:10 GMT+0100 (British Summer Time)","Sue Edgerley","sue.edgerley@croydon.gov.uk",,"Academy Gardens 34-48",,"Caretaker Inspection",,
"051cdb2b-4671-4613-b0d1-4e4ea1d5ef55","inspection","submitted","Wed May 13 2026 13:12:59 GMT+0100 (British Summer Time)","Wed May 13 2026 13:12:58 GMT+0100 (British Summer Time)","Sue Edgerley","sue.edgerley@croydon.gov.uk",,"Academy Gardens 34-48",,"Caretaker Inspection",,
"258ec904-bdcf-45c2-a2a9-c00d1f61c40f","inspection","submitted","Wed May 13 2026 13:12:29 GMT+0100 (British Summer Time)","Wed May 13 2026 13:12:28 GMT+0100 (British Summer Time)","Sue Edgerley","sue.edgerley@croydon.gov.uk",,"Academy Gardens 34-48",,"Caretaker Inspection",,
"148071e4-51da-4ec7-8233-40490c77ab2a","inspection","submitted","Wed May 13 2026 12:46:36 GMT+0100 (British Summer Time)","Wed May 13 2026 12:46:35 GMT+0100 (British Summer Time)","Sue Edgerley","sue.edgerley@croydon.gov.uk",,"Academy Gardens 34-48",,"ESM Inspection Form",,
"7d424cb2-b08f-4566-b0b7-e4cfcf3e9612","inspection","submitted","Wed May 13 2026 12:30:03 GMT+0100 (British Summer Time)","Wed May 13 2026 12:30:02 GMT+0100 (British Summer Time)","Sue Edgerley","sue.edgerley@croydon.gov.uk",,"Academy Gardens 1-61",,"ESM Inspection Form",,
"ad1e319f-e5f9-4778-8733-7ed5e4347394","inspection","submitted","Wed May 13 2026 11:55:58 GMT+0100 (British Summer Time)","Wed May 13 2026 11:55:56 GMT+0100 (British Summer Time)","Sue Edgerley","sue.edgerley@croydon.gov.uk",,"Academy Gardens 125-147",,"ESM Inspection Form",,
"135f1162-6142-4864-94f7-93b22cb467ec","inspection","submitted","Wed May 13 2026 11:40:16 GMT+0100 (British Summer Time)","Wed May 13 2026 11:40:15 GMT+0100 (British Summer Time)","Sue Edgerley","sue.edgerley@croydon.gov.uk",,"Academy Gardens 34-48",,"ESM Inspection Form",,
"1a0134ba-85d0-473f-8a94-0e2bb3aa9c5a","inspection","submitted","Wed May 13 2026 11:28:32 GMT+0100 (British Summer Time)","Wed May 13 2026 11:28:31 GMT+0100 (British Summer Time)","Sue Edgerley","sue.edgerley@croydon.gov.uk",,"Addington Village Road",,"ESM Inspection Form",,
"5a7d4444-b825-4152-b148-21b8ba602aa5","inspection","submitted","Wed May 13 2026 11:26:01 GMT+0100 (British Summer Time)","Wed May 13 2026 11:26:00 GMT+0100 (British Summer Time)","Sue Edgerley","sue.edgerley@croydon.gov.uk",,"Academy Gardens 125-147",,"ESM Inspection Form",,
"3291640d-d963-463f-8b4d-7518571d8f79","inspection","submitted","Wed May 13 2026 11:25:46 GMT+0100 (British Summer Time)","Wed May 13 2026 11:25:45 GMT+0100 (British Summer Time)","Sue Edgerley","sue.edgerley@croydon.gov.uk",,"Academy Gardens 125-147",,"ESM Inspection Form",,
"87778f61-bf85-49c5-addb-8eaa0f861bfb","inspection","submitted","Wed May 13 2026 11:25:37 GMT+0100 (British Summer Time)","Wed May 13 2026 11:25:36 GMT+0100 (British Summer Time)","Sue Edgerley","sue.edgerley@croydon.gov.uk",,"Academy Gardens 125-147",,"ESM Inspection Form",,
"6fd85684-ab48-45f5-8ed4-48f2f6d9a421","inspection","submitted","Wed May 13 2026 11:23:54 GMT+0100 (British Summer Time)","Wed May 13 2026 11:23:53 GMT+0100 (British Summer Time)","Sue Edgerley","sue.edgerley@croydon.gov.uk",,"Academy Gardens 62-84",,"ESM Inspection Form",,
"d11be192-5f02-41cb-a972-aafb51a5537d","inspection","submitted","Wed May 13 2026 11:21:29 GMT+0100 (British Summer Time)","Wed May 13 2026 11:21:28 GMT+0100 (British Summer Time)","Sue Edgerley","sue.edgerley@croydon.gov.uk",,"Academy Gardens 62-84",,"ESM Inspection Form",,
"03000536-cadc-40ae-8c7c-a7f2fea84309","inspection","submitted","Wed May 13 2026 10:59:09 GMT+0100 (British Summer Time)","Wed May 13 2026 10:59:08 GMT+0100 (British Summer Time)","Sue Edgerley","sue.edgerley@croydon.gov.uk",,"Academy Gardens 1-61",,"ESM Inspection Form",,
"1f081fc8-84e4-4d85-a492-ba90dfcef5a3","inspection","submitted","Tue May 12 2026 22:24:41 GMT+0100 (British Summer Time)","Tue May 12 2026 22:24:40 GMT+0100 (British Summer Time)","Sue Edgerley","sue.edgerley@croydon.gov.uk",,"Adair Close",,"Neighbourhood Voice",,
"8e1136f9-20f6-4f38-a49d-c9cf717e2943","inspection","submitted","Tue May 12 2026 22:10:04 GMT+0100 (British Summer Time)","Tue May 12 2026 22:10:03 GMT+0100 (British Summer Time)","Sue Edgerley","sue.edgerley@croydon.gov.uk",,"Academy Gardens 1-61",,"ESM Inspection Form",,
"c2346cd3-74a3-435c-bf4a-8429a122f727","inspection","submitted","Tue May 12 2026 21:43:22 GMT+0100 (British Summer Time)","Tue May 12 2026 21:43:20 GMT+0100 (British Summer Time)","Sue Edgerley","sue.edgerley@croydon.gov.uk",,"Academy Gardens 125-147",,"ESM Inspection Form",,
"226196f4-6df8-4530-9d40-0a6a57990c8b","inspection","submitted","Tue May 12 2026 21:32:52 GMT+0100 (British Summer Time)","Tue May 12 2026 21:32:52 GMT+0100 (British Summer Time)","Sue Edgerley","sue.edgerley@croydon.gov.uk",,"Academy Gardens 62-84",,"ESM Inspection Form",,
"29125f37-db36-4ead-a5bb-58a88513898b","inspection","submitted","Tue May 12 2026 21:32:31 GMT+0100 (British Summer Time)","Tue May 12 2026 21:32:30 GMT+0100 (British Summer Time)","Sue Edgerley","sue.edgerley@croydon.gov.uk",,"Academy Gardens 62-84",,"ESM Inspection Form",,
"369d2548-8583-489b-90cf-8e7eb5026d7d","inspection","submitted","Tue May 12 2026 21:32:16 GMT+0100 (British Summer Time)","Tue May 12 2026 21:32:15 GMT+0100 (British Summer Time)","Sue Edgerley","sue.edgerley@croydon.gov.uk",,"Academy Gardens 62-84",,"ESM Inspection Form",,
"8f4f25b3-1e43-46d1-91fa-6e96e691776e","inspection","submitted","Tue May 12 2026 21:25:29 GMT+0100 (British Summer Time)","Tue May 12 2026 21:25:26 GMT+0100 (British Summer Time)","Sue Edgerley","sue.edgerley@croydon.gov.uk",,"Academy Gardens 62-84",,"ESM Inspection Form",,
"c0d78544-301c-4739-a0c7-dbca5eb3d19c","estate_walkabout","submitted","Tue May 12 2026 20:14:25 GMT+0100 (British Summer Time)","Tue May 12 2026 20:14:25 GMT+0100 (British Summer Time)","Sue Edgerley","sue.edgerley@croydon.gov.uk",,"Academy Gardens 62-84",,"Estate Walkabout",,
"842fce3c-eead-4a69-baba-de217083a9ad","inspection","submitted","Tue May 12 2026 19:54:02 GMT+0100 (British Summer Time)","Tue May 12 2026 19:54:02 GMT+0100 (British Summer Time)","Sue Edgerley","sue.edgerley@croydon.gov.uk",,"Addington Village Road",,"ESM Inspection Form",,
"bb4950ac-682a-48db-b192-ac342b664d16","inspection","submitted","Tue May 12 2026 19:38:02 GMT+0100 (British Summer Time)","Tue May 12 2026 19:38:02 GMT+0100 (British Summer Time)","Sue Edgerley","sue.edgerley@croydon.gov.uk",,"Academy Gardens 62-84",,"ESM Inspection Form",,
"d4458d82-cd24-4c6a-9c32-0ae02ca32128","inspection","submitted","Tue May 12 2026 19:21:22 GMT+0100 (British Summer Time)","Tue May 12 2026 19:21:22 GMT+0100 (British Summer Time)","Sue Edgerley","sue.edgerley@croydon.gov.uk",,"Academy Gardens 34-48",,"ESM Inspection Form",,
"674eb961-237f-4cba-9b0b-485c764d07f8","inspection","submitted","Tue May 12 2026 18:55:18 GMT+0100 (British Summer Time)","Tue May 12 2026 18:55:18 GMT+0100 (British Summer Time)","Sue Edgerley","sue.edgerley@croydon.gov.uk",,"Addison Road 15-57",,"ESM Inspection Form",,
"82f33fd3-7bfa-4058-96a2-578bbd0baed9","inspection","submitted","Tue May 12 2026 13:52:35 GMT+0100 (British Summer Time)","Tue May 12 2026 13:52:35 GMT+0100 (British Summer Time)","Sue Edgerley","sue.edgerley@croydon.gov.uk",,"Addington Village Road",,"ESM Inspection Form",,
"78bdd1e8-0187-42fc-ada3-fa2660ecf745","estate_walkabout","submitted","Mon May 11 2026 20:49:20 GMT+0100 (British Summer Time)","Mon May 11 2026 20:49:20 GMT+0100 (British Summer Time)","Sue Edgerley","sue.edgerley@croydon.gov.uk",,"Academy Gardens 62-84",,"Estate Walkabout",,
"a112550a-0c93-49e5-9cda-d280ba2a4cec","estate_walkabout","submitted","Mon May 11 2026 16:40:24 GMT+0100 (British Summer Time)","Mon May 11 2026 16:40:24 GMT+0100 (British Summer Time)","Sue Edgerley","sue.edgerley@croydon.gov.uk",,,,"Estate Walkabout",,
"8c2d60eb-29f3-4e3d-9a77-ca40c797b562","inspection","submitted","Sun May 10 2026 21:12:49 GMT+0100 (British Summer Time)","Sun May 10 2026 21:12:49 GMT+0100 (British Summer Time)","Sue Edgerley","sue.edgerley@croydon.gov.uk",,"Academy Gardens 34-48",,"ESM Inspection Form",,
"9691f420-8d80-4100-92c2-4e27e4e3e060","inspection","submitted","Sun May 10 2026 18:39:01 GMT+0100 (British Summer Time)","Sun May 10 2026 18:39:01 GMT+0100 (British Summer Time)","Sue Edgerley","sue.edgerley@croydon.gov.uk",,"Academy Gardens 34-48",,"ESM Inspection Form",,
"65d4f1ee-3ade-4cda-ad6e-24f12bca9660","inspection","submitted","Fri May 08 2026 16:11:05 GMT+0100 (British Summer Time)","Fri May 08 2026 16:11:05 GMT+0100 (British Summer Time)","Sue Edgerley","sue.edgerley@croydon.gov.uk",,"Addison Road 15-57",,"ESM Inspection Form",,
"2be900c1-b630-416d-b0af-449ba6c19ddf","inspection","submitted","Fri May 08 2026 15:50:12 GMT+0100 (British Summer Time)","Fri May 08 2026 15:50:12 GMT+0100 (British Summer Time)","Sue Edgerley","sue.edgerley@croydon.gov.uk",,"Academy Gardens 63-123",,"ESM Inspection Form",,
"437a5fb2-fb99-4c19-bd48-df24d1c0e5c2","inspection","submitted","Fri May 08 2026 15:21:42 GMT+0100 (British Summer Time)","Fri May 08 2026 15:21:42 GMT+0100 (British Summer Time)","Sue Edgerley","sue.edgerley@croydon.gov.uk",,"Academy Gardens 63-123",,"ESM Inspection Form",,
"1a036f62-c252-45f7-af7d-348a56b16f05","inspection","submitted","Fri May 08 2026 15:05:33 GMT+0100 (British Summer Time)","Fri May 08 2026 15:05:33 GMT+0100 (British Summer Time)","Sue Edgerley","sue.edgerley@croydon.gov.uk",,"Academy Gardens 62-84",,"ESM Inspection Form",,
"aae7fb33-961f-4bb5-82b4-c75eecd33645","inspection","submitted","Fri May 08 2026 14:32:51 GMT+0100 (British Summer Time)","Fri May 08 2026 14:32:51 GMT+0100 (British Summer Time)","Sue Edgerley","sue.edgerley@croydon.gov.uk",,"Academy Gardens 62-84",,"ESM Inspection Form",,
"2b883dbc-fcb7-44a3-8685-cecd70bda867","inspection","draft",,"Fri May 08 2026 12:44:54 GMT+0100 (British Summer Time)","Sue Edgerley","sue.edgerley@croydon.gov.uk",,,,"Neighbourhood Voice",,
"1e0678ba-a97d-4109-9d1d-da38547c230d","estate_walkabout","submitted","Fri May 08 2026 12:40:44 GMT+0100 (British Summer Time)","Fri May 08 2026 12:40:44 GMT+0100 (British Summer Time)","Sue Edgerley","sue.edgerley@croydon.gov.uk",,"Addiscombe Road 139",,"Estate Walkabout",,
"5025550d-1ed8-4c77-a03a-6365e87ad57f","inspection","submitted","Wed May 06 2026 20:36:34 GMT+0100 (British Summer Time)","Wed May 06 2026 20:36:34 GMT+0100 (British Summer Time)","Sue Edgerley","sue.edgerley@croydon.gov.uk",,"Academy Gardens 63-123",,"Neighbourhood Voice",,
"33d0c562-99bc-4f84-8406-5409124b43f6","inspection","submitted","Wed May 06 2026 13:30:05 GMT+0100 (British Summer Time)","Wed May 06 2026 13:30:05 GMT+0100 (British Summer Time)","Sue Edgerley","sue.edgerley@croydon.gov.uk",,"Academy Gardens 62-84",,"Grounds Maintenance",,
"d9713c82-4d92-472a-88b9-077305b45756","inspection","submitted","Wed May 06 2026 12:41:05 GMT+0100 (British Summer Time)","Wed May 06 2026 12:41:05 GMT+0100 (British Summer Time)","Sue Edgerley","sue.edgerley@croydon.gov.uk",,"Littlewood House",,"Caretaker Inspection",,
"4895f457-8ea2-459a-8abc-fc34446e4cce","estate_walkabout","submitted","Wed May 06 2026 12:03:08 GMT+0100 (British Summer Time)","Wed May 06 2026 12:03:08 GMT+0100 (British Summer Time)","Sue Edgerley","sue.edgerley@croydon.gov.uk",,"Addington Road",,"Estate Walkabout",,
"b6f57b5f-38f7-41f6-87df-d0566baed852","estate_walkabout","submitted","Mon May 04 2026 17:36:09 GMT+0100 (British Summer Time)","Mon May 04 2026 17:36:09 GMT+0100 (British Summer Time)","Sue Edgerley","sue.edgerley@croydon.gov.uk",,"Academy Gardens 62-84",,"Estate Walkabout",,
"e919864e-1240-49cc-82fd-f56e253b2b7f","estate_walkabout","submitted","Mon May 04 2026 15:44:10 GMT+0100 (British Summer Time)","Mon May 04 2026 15:44:10 GMT+0100 (British Summer Time)","Sue Edgerley","sue.edgerley@croydon.gov.uk",,"Addington Road",,"Estate Walkabout",,
"c4d5397c-0014-4e52-aab8-3a4b47d5254f","estate_walkabout","submitted","Mon May 04 2026 15:34:52 GMT+0100 (British Summer Time)","Mon May 04 2026 15:34:52 GMT+0100 (British Summer Time)","Sue Edgerley","sue.edgerley@croydon.gov.uk",,"Addison Road 77-87",,"Estate Walkabout",,
"9418c0fa-6f75-4b39-aeed-a30ac51c366f","estate_walkabout","submitted","Mon May 04 2026 15:13:55 GMT+0100 (British Summer Time)","Mon May 04 2026 15:13:55 GMT+0100 (British Summer Time)","Sue Edgerley","sue.edgerley@croydon.gov.uk",,"Academy Gardens 34-48",,"Estate Walkabout",,
"d286f32f-44a6-4443-bb2d-f5b71367f75c","estate_walkabout","submitted","Mon May 04 2026 15:02:11 GMT+0100 (British Summer Time)","Mon May 04 2026 15:02:11 GMT+0100 (British Summer Time)","Sue Edgerley","sue.edgerley@croydon.gov.uk",,"Addiscombe Road 139",,"Estate Walkabout",,
"6b8f3c56-ec64-42d1-be44-04bd307f1074","estate_walkabout","submitted","Mon May 04 2026 14:52:21 GMT+0100 (British Summer Time)","Mon May 04 2026 14:52:21 GMT+0100 (British Summer Time)","Sue Edgerley","sue.edgerley@croydon.gov.uk",,"Adair Close",,"Estate Walkabout",,
"repair_inspection_1777900352603_ja8ygb8","repairs_inspector","submitted","Mon May 04 2026 14:12:32 GMT+0100 (British Summer Time)","Mon May 04 2026 14:12:32 GMT+0100 (British Summer Time)","Sue Edgerley","sue.edgerley@croydon.gov.uk",,"Addison Road 77-87","Addison Road 77-87","Repairs Inspector - Addison Road 77-87",,"jncncmncmxncmxncmn"
"repair_inspection_1777899901438_a6wkggk","repairs_inspector","submitted","Mon May 04 2026 14:05:01 GMT+0100 (British Summer Time)","Mon May 04 2026 14:05:01 GMT+0100 (British Summer Time)","Sue Edgerley","sue.edgerley@croydon.gov.uk",,"Academy Gardens 62-84","Academy Gardens 62-84","Repairs Inspector - Academy Gardens 62-84",,"needs a brick wall"
"03cf077e-aae2-4b3b-b6e3-27d26c259081","estate_walkabout","submitted","Fri May 01 2026 20:40:41 GMT+0100 (British Summer Time)","Fri May 01 2026 20:40:41 GMT+0100 (British Summer Time)","Sue Edgerley","sue.edgerley@croydon.gov.uk",,"Addington Village Road",,"Estate Walkabout",,
"ee12c830-fe0a-4b91-abef-51ea1b52fc8d","inspection","submitted","Fri May 01 2026 20:37:38 GMT+0100 (British Summer Time)","Fri May 01 2026 20:37:38 GMT+0100 (British Summer Time)","Sue Edgerley","sue.edgerley@croydon.gov.uk",,"Academy Gardens 1-61",,"Caretaker Inspection",,
"6494bbc8-57e7-48ed-9058-1351bf59aaed","estate_walkabout","submitted","Fri May 01 2026 20:03:25 GMT+0100 (British Summer Time)","Fri May 01 2026 20:03:25 GMT+0100 (British Summer Time)","Sue Edgerley","sue.edgerley@croydon.gov.uk",,"Adair Close",,"Estate Walkabout",,
"1b5cf71e-bc61-438c-b55c-b50c20d6e8ee","estate_walkabout","submitted","Fri May 01 2026 19:50:50 GMT+0100 (British Summer Time)","Fri May 01 2026 19:50:50 GMT+0100 (British Summer Time)","Sue Edgerley","sue.edgerley@croydon.gov.uk",,"Addiscombe Road 243",,"Estate Walkabout",,
"c425ad5a-1f05-4577-a9df-197f96794547","inspection","submitted","Fri May 01 2026 19:24:01 GMT+0100 (British Summer Time)","Fri May 01 2026 19:24:01 GMT+0100 (British Summer Time)","Sue Edgerley","sue.edgerley@croydon.gov.uk",,"Albert Road 116-120",,"Grounds Maintenance",,
"repair_inspection_1777659359968_4kib4fz","repairs_inspector","submitted","Fri May 01 2026 19:15:59 GMT+0100 (British Summer Time)","Fri May 01 2026 19:15:59 GMT+0100 (British Summer Time)","Sue Edgerley","sue.edgerley@croydon.gov.uk",,,"m,","Repairs Inspector - m,",,",,"
"repair_inspection_1777659280187_ycc0sgy","repairs_inspector","submitted","Fri May 01 2026 19:14:40 GMT+0100 (British Summer Time)","Fri May 01 2026 19:14:40 GMT+0100 (British Summer Time)","Sue Edgerley","sue.edgerley@croydon.gov.uk",,,"Croydon","Repairs Inspector - Croydon",,"kmml,"
"repair_inspection_1777658743896_onnkny5","repairs_inspector","submitted","Fri May 01 2026 19:05:43 GMT+0100 (British Summer Time)","Fri May 01 2026 19:05:43 GMT+0100 (British Summer Time)","Sue Edgerley","sue.edgerley@croydon.gov.uk",,,"Croydon","Repairs Inspector - Croydon",,"door needs rehanging"
"55bd132d-9880-4856-9e95-f5ed0c3d7f13","estate_walkabout","submitted","Fri May 01 2026 18:38:09 GMT+0100 (British Summer Time)","Fri May 01 2026 18:38:09 GMT+0100 (British Summer Time)","Sue Edgerley","sue.edgerley@croydon.gov.uk",,"Academy Gardens 63-123",,"Estate Walkabout",,
"4534543a-de87-45a7-911a-06417c89c00b","estate_walkabout","submitted","Fri May 01 2026 18:26:14 GMT+0100 (British Summer Time)","Fri May 01 2026 18:26:14 GMT+0100 (British Summer Time)","Sue Edgerley","sue.edgerley@croydon.gov.uk",,"Addiscombe Road 243",,"Estate Walkabout",,
"cd8e67cf-df86-494c-bf8b-bcf19122a08d","estate_walkabout","submitted","Fri May 01 2026 18:12:22 GMT+0100 (British Summer Time)","Fri May 01 2026 18:12:22 GMT+0100 (British Summer Time)","Sue Edgerley","sue.edgerley@croydon.gov.uk",,"Addison Road 15-57",,"Estate Walkabout",,
"5bd49d34-fce6-4c32-aacc-0d240f36bd6c","inspection","submitted","Fri May 01 2026 17:45:03 GMT+0100 (British Summer Time)","Fri May 01 2026 17:45:03 GMT+0100 (British Summer Time)","Sue Edgerley","sue.edgerley@croydon.gov.uk",,"Addison Road 77-87",,"Grounds Maintenance",,
"7e2a980f-e612-428c-9ce6-9d78cdb85b19","estate_walkabout","submitted","Fri May 01 2026 15:00:49 GMT+0100 (British Summer Time)","Fri May 01 2026 15:00:49 GMT+0100 (British Summer Time)","Sue Edgerley","sue.edgerley@croydon.gov.uk",,"Addington Road",,"Estate Walkabout",,
"e4848536-426e-4300-be59-86971d0ef820","estate_walkabout","submitted","Fri May 01 2026 14:46:19 GMT+0100 (British Summer Time)","Fri May 01 2026 14:46:19 GMT+0100 (British Summer Time)","Sue Edgerley","sue.edgerley@croydon.gov.uk",,"Adair Close",,"Estate Walkabout",,
"56d312c8-1bb9-4e4a-988e-b06c3c568bf9","estate_walkabout","submitted","Fri May 01 2026 11:01:31 GMT+0100 (British Summer Time)","Fri May 01 2026 11:01:31 GMT+0100 (British Summer Time)","Sue Edgerley","sue.edgerley@croydon.gov.uk",,"Academy Gardens 63-123",,"Estate Walkabout",,
"dd9eaa6f-99d2-4dcd-8e37-7b5fd16e4f28","estate_walkabout","submitted","Fri May 01 2026 10:42:19 GMT+0100 (British Summer Time)","Fri May 01 2026 10:42:19 GMT+0100 (British Summer Time)","Sue Edgerley","sue.edgerley@croydon.gov.uk",,"Albert Road 91-95A",,"Estate Walkabout",,
"24dcc2d0-bc7c-4850-a914-8dfd1d778f84","estate_walkabout","submitted","Fri May 01 2026 09:15:29 GMT+0100 (British Summer Time)","Fri May 01 2026 09:15:29 GMT+0100 (British Summer Time)","Sue Edgerley","sue.edgerley@croydon.gov.uk",,"Adair Close",,"Estate Walkabout",,
"43bf0609-3f31-45bc-9085-5e3d982b250b","estate_walkabout","submitted","Thu Apr 30 2026 21:51:00 GMT+0100 (British Summer Time)","Thu Apr 30 2026 21:51:00 GMT+0100 (British Summer Time)","Sue Edgerley","sue.edgerley@croydon.gov.uk",,"Addison Road 15-57",,"Estate Walkabout",,
"881758d5-dc94-4cc8-ab5c-268a1d814e0c","estate_walkabout","submitted","Thu Apr 30 2026 21:33:16 GMT+0100 (British Summer Time)","Thu Apr 30 2026 21:33:16 GMT+0100 (British Summer Time)","Sue Edgerley","sue.edgerley@croydon.gov.uk",,"Academy Gardens 125-147",,"Estate Walkabout",,
"c59f8a56-3e61-4d56-9c37-68caca448662","estate_walkabout","submitted","Thu Apr 30 2026 15:39:36 GMT+0100 (British Summer Time)","Thu Apr 30 2026 15:39:36 GMT+0100 (British Summer Time)","Sue Edgerley","sue.edgerley@croydon.gov.uk",,"Trafford Road",,"Estate Walkabout",,
"6ee35781-c165-4334-9670-2c74149153b8","estate_walkabout","submitted","Wed Apr 29 2026 14:27:40 GMT+0100 (British Summer Time)","Wed Apr 29 2026 14:27:40 GMT+0100 (British Summer Time)","Sue Edgerley","sue.edgerley@croydon.gov.uk",,"Albert Road 91-95A",,"Estate Walkabout",,
"ba76998f-dae7-47d3-8d3e-bec04bbdb9a9","inspection","draft",,"Wed Apr 29 2026 14:24:08 GMT+0100 (British Summer Time)","Sue Edgerley","sue.edgerley@croydon.gov.uk",,"Admirals Walk",,"Neighbourhood Voice",,
"dfcf8e8f-ed12-475c-8bbe-1740d3ede64c","estate_walkabout","submitted","Wed Apr 29 2026 13:01:54 GMT+0100 (British Summer Time)","Wed Apr 29 2026 13:01:54 GMT+0100 (British Summer Time)","Sue Edgerley","sue.edgerley@croydon.gov.uk",,"Whitehorse Road 30-40",,"Estate Walkabout",,
"1dca377e-2784-4b5b-b3a0-4523074655e8","estate_walkabout","submitted","Wed Apr 29 2026 11:46:28 GMT+0100 (British Summer Time)","Wed Apr 29 2026 11:46:28 GMT+0100 (British Summer Time)","Sue Edgerley","sue.edgerley@croydon.gov.uk",,"Addiscombe Road 243",,"Estate Walkabout",,
"6ff4d5cb-211c-436f-ba2d-31b74b27c9f8","inspection","submitted","Tue Apr 28 2026 19:22:52 GMT+0100 (British Summer Time)","Tue Apr 28 2026 19:22:52 GMT+0100 (British Summer Time)","Sue Edgerley","sue.edgerley@croydon.gov.uk",,"Academy Gardens 63-123",,"Grounds Maintenance",,
"804d7d99-37f3-4ec0-b1e3-d1f5190bc32d","ad_hoc","draft",,"Mon Apr 27 2026 21:30:13 GMT+0100 (British Summer Time)","Sue Edgerley","sue.edgerley@croydon.gov.uk",,"Academy Gardens 34-48",,"test","ad_hoc","TEST"
"6e72cf83-66c0-439f-a1a8-d9a24359c266","ad_hoc","draft",,"Mon Apr 27 2026 21:29:34 GMT+0100 (British Summer Time)","Sue Edgerley","sue.edgerley@croydon.gov.uk",,"Academy Gardens 1-61",,"Adhoc","ad_hoc","TEST"
"c1581817-1438-4376-b41a-5fb10ce686ee","estate_walkabout","submitted","Sun Apr 26 2026 21:22:01 GMT+0100 (British Summer Time)","Sun Apr 26 2026 21:22:01 GMT+0100 (British Summer Time)","Sue Edgerley","sue.edgerley@croydon.gov.uk",,"Academy Gardens 125-147",,"Estate Walkabout",,
"15963020-efc3-4501-b700-bac7dc07d907","estate_walkabout","submitted","Sun Apr 26 2026 21:19:33 GMT+0100 (British Summer Time)","Sun Apr 26 2026 21:19:33 GMT+0100 (British Summer Time)","Sue Edgerley","sue.edgerley@croydon.gov.uk",,"Academy Gardens 62-84",,"Estate Walkabout",,
"ec64a869-993b-4c5e-b5f6-d54df9caa94f","estate_walkabout","submitted","Sun Apr 26 2026 21:15:12 GMT+0100 (British Summer Time)","Sun Apr 26 2026 21:15:12 GMT+0100 (British Summer Time)","Sue Edgerley","sue.edgerley@croydon.gov.uk",,"Academy Gardens 34-48",,"Estate Walkabout",,
"19d87efe-4127-48f3-abb6-5241e0c67ef0","estate_walkabout","submitted","Sun Apr 26 2026 20:55:45 GMT+0100 (British Summer Time)","Sun Apr 26 2026 20:55:45 GMT+0100 (British Summer Time)","Sue Edgerley","sue.edgerley@croydon.gov.uk",,"Academy Gardens 34-48",,"Estate Walkabout",,
"89d593cd-cf86-4274-a895-8bb64824c73d","inspection","draft",,"Sun Apr 26 2026 20:41:56 GMT+0100 (British Summer Time)","Sue Edgerley","sue.edgerley@croydon.gov.uk",,,,"Neighbourhood Voice",,
"f59b1782-7b72-4441-b7c8-6c510baff57a","estate_walkabout","submitted","Sun Apr 26 2026 20:25:32 GMT+0100 (British Summer Time)","Sun Apr 26 2026 20:25:32 GMT+0100 (British Summer Time)","Sue Edgerley","sue.edgerley@croydon.gov.uk",,"Academy Gardens 125-147","TEST","Estate Walkabout – TEST",,
"e3b25624-77a7-4a6e-95bc-b575739ced3c","estate_walkabout","submitted","Sun Apr 26 2026 20:22:41 GMT+0100 (British Summer Time)","Sun Apr 26 2026 20:22:41 GMT+0100 (British Summer Time)","Sue Edgerley","sue.edgerley@croydon.gov.uk",,"Academy Gardens 125-147","TEST","Estate Walkabout – TEST",,
"8afa4b0c-c01c-4760-8cb2-4020d33b50fc","inspection","submitted","Fri Apr 24 2026 20:06:50 GMT+0100 (British Summer Time)","Fri Apr 24 2026 20:06:50 GMT+0100 (British Summer Time)","Sue Edgerley","sue.edgerley@croydon.gov.uk","TEST ESTATE",,,"Neighbourhood Voice",,
"4c39ea2a-9c11-4962-aa79-d853fa08afb3","estate_walkabout","submitted","Fri Apr 24 2026 19:07:37 GMT+0100 (British Summer Time)","Fri Apr 24 2026 19:07:37 GMT+0100 (British Summer Time)","Sue Edgerley","sue.edgerley@croydon.gov.uk",,"Adair Close",,"Estate Walkabout",,
"f1366162-642a-46f3-bd95-7504641de250","inspection","submitted","Fri Apr 24 2026 18:51:49 GMT+0100 (British Summer Time)","Fri Apr 24 2026 18:51:49 GMT+0100 (British Summer Time)","Sue Edgerley","sue.edgerley@croydon.gov.uk",,"Addington Road",,"Estate Inspection",,"Lots of c and d   TEST TEST"
"2277b076-6fad-4f31-8fa4-d60e3754cfcd","inspection","draft",,"Mon Apr 20 2026 16:25:57 GMT+0100 (British Summer Time)","Sue Edgerley","sue.edgerley@croydon.gov.uk","TEST ESTATE",,,"Neighbourhood Voice",,
"9b8cd569-796d-49d1-8806-0bfbbe772490","inspection","draft",,"Fri Apr 17 2026 21:41:22 GMT+0100 (British Summer Time)","Sue Edgerley","sue.edgerley@croydon.gov.uk","TEST ESTATE",,,"Neighbourhood Voice",,
"607240b5-52fb-4da2-bcfb-8519a649184e","inspection","draft",,"Fri Apr 17 2026 18:52:52 GMT+0100 (British Summer Time)","Sue Edgerley","sue.edgerley@croydon.gov.uk","TEST ESTATE",,,"Neighbourhood Voice",,
"90d77c60-13ff-4969-bdcf-1660baed23cd","inspection","draft",,"Fri Apr 17 2026 18:39:58 GMT+0100 (British Summer Time)","Sue Edgerley","sue.edgerley@croydon.gov.uk","TEST ESTATE",,,"Neighbourhood Voice",,
"b030d465-5a42-45a3-acb5-a7aa9c5dac59","inspection","submitted","Thu Mar 26 2026 15:29:42 GMT+0000 (Greenwich Mean Time)","Thu Mar 26 2026 15:29:42 GMT+0000 (Greenwich Mean Time)","Sue Edgerley","sue.edgerley@croydon.gov.uk","TEST ESTATE",,,"Caretaker Inspection",,
"499d5279-22ce-4e39-8cfb-0ac211f3aad2","inspection","submitted","Wed Mar 25 2026 18:46:30 GMT+0000 (Greenwich Mean Time)","Wed Mar 25 2026 18:46:30 GMT+0000 (Greenwich Mean Time)","Sue Edgerley","sue.edgerley@croydon.gov.uk","TEST ESTATE",,,"Caretaker Inspection",,
"6f5172ee-c5c0-41bb-b58a-833aaab292c6","inspection","submitted","Wed Mar 25 2026 18:38:40 GMT+0000 (Greenwich Mean Time)","Wed Mar 25 2026 18:38:40 GMT+0000 (Greenwich Mean Time)","Sue Edgerley","sue.edgerley@croydon.gov.uk","TEST ESTATE",,,"Caretaker Inspection",,
"059c40ee-af4c-4cdc-80aa-d442498acec6","inspection","submitted","Wed Mar 25 2026 18:34:33 GMT+0000 (Greenwich Mean Time)","Wed Mar 25 2026 18:34:33 GMT+0000 (Greenwich Mean Time)","Sue Edgerley","sue.edgerley@croydon.gov.uk","TEST ESTATE",,,"Estate Inspection",,
"971aa1be-c847-416f-a186-4d918a87f36c","inspection","submitted","Wed Mar 25 2026 18:25:42 GMT+0000 (Greenwich Mean Time)","Wed Mar 25 2026 18:25:42 GMT+0000 (Greenwich Mean Time)","Sue Edgerley","sue.edgerley@croydon.gov.uk","TEST ESTATE",,,"Caretaker Inspection",,
"1dc897ef-3cc6-4f36-9a81-59f21d132559","inspection","submitted","Wed Mar 25 2026 18:13:45 GMT+0000 (Greenwich Mean Time)","Wed Mar 25 2026 18:13:45 GMT+0000 (Greenwich Mean Time)","Sue Edgerley","sue.edgerley@croydon.gov.uk","TEST ESTATE",,,"Caretaker Inspection",,
"ac0a6621-61f5-4713-9ec3-b2d0e31c52f9","inspection","submitted","Wed Mar 25 2026 18:07:44 GMT+0000 (Greenwich Mean Time)","Wed Mar 25 2026 18:07:44 GMT+0000 (Greenwich Mean Time)","Sue Edgerley","sue.edgerley@croydon.gov.uk","TEST ESTATE",,,"Caretaker Inspection",,
"c11d43cb-0570-4b79-aafa-4b4ad714ed1d","inspection","submitted","Wed Mar 25 2026 18:02:50 GMT+0000 (Greenwich Mean Time)","Wed Mar 25 2026 18:02:50 GMT+0000 (Greenwich Mean Time)","Sue Edgerley","sue.edgerley@croydon.gov.uk","TEST ESTATE",,,"Estate Walkabout",,
"0e787455-7236-4659-9e8f-2daa2194fb8f","inspection","submitted","Wed Mar 25 2026 17:54:44 GMT+0000 (Greenwich Mean Time)","Wed Mar 25 2026 17:54:44 GMT+0000 (Greenwich Mean Time)","Sue Edgerley","sue.edgerley@croydon.gov.uk","TEST ESTATE",,,"Caretaker Inspection",,
"d68a9aab-3fdb-4bac-9d5a-301e0d7b6ff7","inspection","submitted","Wed Mar 25 2026 17:45:58 GMT+0000 (Greenwich Mean Time)","Wed Mar 25 2026 17:45:58 GMT+0000 (Greenwich Mean Time)","Sue Edgerley","sue.edgerley@croydon.gov.uk","TEST ESTATE",,,"Neighbourhood Voice",,
"cd66f053-248e-4835-9a8f-a707b8cedcf7","inspection","submitted","Wed Mar 25 2026 17:38:34 GMT+0000 (Greenwich Mean Time)","Wed Mar 25 2026 17:38:34 GMT+0000 (Greenwich Mean Time)","Sue Edgerley","sue.edgerley@croydon.gov.uk","TEST ESTATE",,"Block","Caretaker Inspection – Block",,
"0cdf21d9-1f2a-4353-8d61-81a6336f3597","inspection","submitted","Wed Mar 25 2026 17:31:46 GMT+0000 (Greenwich Mean Time)","Wed Mar 25 2026 17:31:46 GMT+0000 (Greenwich Mean Time)","Sue Edgerley","sue.edgerley@croydon.gov.uk","TEST ESTATE",,,"Neighbourhood Voice",,
"0e110aff-4b91-4882-b271-1f9910a00f48","inspection","submitted","Wed Mar 25 2026 17:08:43 GMT+0000 (Greenwich Mean Time)","Wed Mar 25 2026 17:08:43 GMT+0000 (Greenwich Mean Time)","Sue Edgerley","sue.edgerley@croydon.gov.uk","TEST ESTATE",,,"Caretaker Inspection",,
"7bb12efd-5436-4851-bfed-f45d4dcab739","ad_hoc","draft",,"Wed Mar 25 2026 17:03:52 GMT+0000 (Greenwich Mean Time)","Sue Edgerley","sue.edgerley@croydon.gov.uk","TEST ESTATE",,"Love lane croydon","TEST","ad_hoc",